PRAGMA foreign_keys=OFF;
BEGIN TRANSACTION;
CREATE TABLE IF NOT EXISTS "django_migrations" ("id" integer NOT NULL PRIMARY KEY AUTOINCREMENT, "app" varchar(255) NOT NULL, "name" varchar(255) NOT NULL, "applied" datetime NOT NULL);
INSERT INTO django_migrations VALUES(1,'contenttypes','0001_initial','2023-06-27 22:18:16.115744');
INSERT INTO django_migrations VALUES(2,'auth','0001_initial','2023-06-27 22:18:16.136642');
INSERT INTO django_migrations VALUES(3,'admin','0001_initial','2023-06-27 22:18:16.163067');
INSERT INTO django_migrations VALUES(4,'admin','0002_logentry_remove_auto_add','2023-06-27 22:18:16.181066');
INSERT INTO django_migrations VALUES(5,'admin','0003_logentry_add_action_flag_choices','2023-06-27 22:18:16.185911');
INSERT INTO django_migrations VALUES(6,'contenttypes','0002_remove_content_type_name','2023-06-27 22:18:16.205770');
INSERT INTO django_migrations VALUES(7,'auth','0002_alter_permission_name_max_length','2023-06-27 22:18:16.218132');
INSERT INTO django_migrations VALUES(8,'auth','0003_alter_user_email_max_length','2023-06-27 22:18:16.229079');
INSERT INTO django_migrations VALUES(9,'auth','0004_alter_user_username_opts','2023-06-27 22:18:16.234126');
INSERT INTO django_migrations VALUES(10,'auth','0005_alter_user_last_login_null','2023-06-27 22:18:16.249222');
INSERT INTO django_migrations VALUES(11,'auth','0006_require_contenttypes_0002','2023-06-27 22:18:16.252019');
INSERT INTO django_migrations VALUES(12,'auth','0007_alter_validators_add_error_messages','2023-06-27 22:18:16.259867');
INSERT INTO django_migrations VALUES(13,'auth','0008_alter_user_username_max_length','2023-06-27 22:18:16.275771');
INSERT INTO django_migrations VALUES(14,'auth','0009_alter_user_last_name_max_length','2023-06-27 22:18:16.288402');
INSERT INTO django_migrations VALUES(15,'auth','0010_alter_group_name_max_length','2023-06-27 22:18:16.298826');
INSERT INTO django_migrations VALUES(16,'auth','0011_update_proxy_permissions','2023-06-27 22:18:16.305409');
INSERT INTO django_migrations VALUES(17,'auth','0012_alter_user_first_name_max_length','2023-06-27 22:18:16.319970');
INSERT INTO django_migrations VALUES(18,'sessions','0001_initial','2023-06-27 22:18:16.330715');
INSERT INTO django_migrations VALUES(19,'products','0001_initial','2023-06-29 18:12:45.002376');
INSERT INTO django_migrations VALUES(21,'products','0002_remove_product_group_remove_product_new_and_more','2023-06-29 20:11:01.579689');
INSERT INTO django_migrations VALUES(22,'products','0003_product_item_number','2023-06-29 20:11:01.589551');
INSERT INTO django_migrations VALUES(23,'products','0004_alter_product_active','2023-06-29 20:15:18.000699');
INSERT INTO django_migrations VALUES(24,'products','0005_product_photo','2023-06-29 21:12:25.659098');
INSERT INTO django_migrations VALUES(25,'products','0006_product_price','2023-07-06 18:22:23.106346');
INSERT INTO django_migrations VALUES(29,'stores','0001_initial','2023-07-08 06:04:48.092073');
INSERT INTO django_migrations VALUES(30,'orders','0001_initial','2023-07-18 21:53:53.785824');
INSERT INTO django_migrations VALUES(31,'products','0007_alter_product_photo','2023-07-18 21:53:53.801798');
INSERT INTO django_migrations VALUES(32,'orders','0002_alter_order_total_cost','2023-07-18 21:59:02.547895');
INSERT INTO django_migrations VALUES(33,'orders','0003_alter_order_store','2023-07-18 22:01:18.673711');
INSERT INTO django_migrations VALUES(34,'stores','0002_alter_store_password_alter_store_username','2023-07-30 18:43:15.426326');
INSERT INTO django_migrations VALUES(35,'stores','0003_storeuser','2023-07-31 04:05:11.199500');
INSERT INTO django_migrations VALUES(36,'stores','0004_rename_user_store_storeuser','2023-07-31 04:05:11.215553');
INSERT INTO django_migrations VALUES(37,'stores','0005_rename_storeuser_store_store_user_delete_storeuser','2023-07-31 04:05:11.227851');
CREATE TABLE IF NOT EXISTS "auth_group_permissions" ("id" integer NOT NULL PRIMARY KEY AUTOINCREMENT, "group_id" integer NOT NULL REFERENCES "auth_group" ("id") DEFERRABLE INITIALLY DEFERRED, "permission_id" integer NOT NULL REFERENCES "auth_permission" ("id") DEFERRABLE INITIALLY DEFERRED);
CREATE TABLE IF NOT EXISTS "auth_user_groups" ("id" integer NOT NULL PRIMARY KEY AUTOINCREMENT, "user_id" integer NOT NULL REFERENCES "auth_user" ("id") DEFERRABLE INITIALLY DEFERRED, "group_id" integer NOT NULL REFERENCES "auth_group" ("id") DEFERRABLE INITIALLY DEFERRED);
CREATE TABLE IF NOT EXISTS "auth_user_user_permissions" ("id" integer NOT NULL PRIMARY KEY AUTOINCREMENT, "user_id" integer NOT NULL REFERENCES "auth_user" ("id") DEFERRABLE INITIALLY DEFERRED, "permission_id" integer NOT NULL REFERENCES "auth_permission" ("id") DEFERRABLE INITIALLY DEFERRED);
CREATE TABLE IF NOT EXISTS "django_admin_log" ("id" integer NOT NULL PRIMARY KEY AUTOINCREMENT, "object_id" text NULL, "object_repr" varchar(200) NOT NULL, "action_flag" smallint unsigned NOT NULL CHECK ("action_flag" >= 0), "change_message" text NOT NULL, "content_type_id" integer NULL REFERENCES "django_content_type" ("id") DEFERRABLE INITIALLY DEFERRED, "user_id" integer NOT NULL REFERENCES "auth_user" ("id") DEFERRABLE INITIALLY DEFERRED, "action_time" datetime NOT NULL);
CREATE TABLE IF NOT EXISTS "django_content_type" ("id" integer NOT NULL PRIMARY KEY AUTOINCREMENT, "app_label" varchar(100) NOT NULL, "model" varchar(100) NOT NULL);
INSERT INTO django_content_type VALUES(1,'admin','logentry');
INSERT INTO django_content_type VALUES(2,'auth','permission');
INSERT INTO django_content_type VALUES(3,'auth','group');
INSERT INTO django_content_type VALUES(4,'auth','user');
INSERT INTO django_content_type VALUES(5,'contenttypes','contenttype');
INSERT INTO django_content_type VALUES(6,'sessions','session');
INSERT INTO django_content_type VALUES(7,'stores','store');
INSERT INTO django_content_type VALUES(8,'products','product');
INSERT INTO django_content_type VALUES(9,'orders','order');
CREATE TABLE IF NOT EXISTS "auth_permission" ("id" integer NOT NULL PRIMARY KEY AUTOINCREMENT, "content_type_id" integer NOT NULL REFERENCES "django_content_type" ("id") DEFERRABLE INITIALLY DEFERRED, "codename" varchar(100) NOT NULL, "name" varchar(255) NOT NULL);
INSERT INTO auth_permission VALUES(1,1,'add_logentry','Can add log entry');
INSERT INTO auth_permission VALUES(2,1,'change_logentry','Can change log entry');
INSERT INTO auth_permission VALUES(3,1,'delete_logentry','Can delete log entry');
INSERT INTO auth_permission VALUES(4,1,'view_logentry','Can view log entry');
INSERT INTO auth_permission VALUES(5,2,'add_permission','Can add permission');
INSERT INTO auth_permission VALUES(6,2,'change_permission','Can change permission');
INSERT INTO auth_permission VALUES(7,2,'delete_permission','Can delete permission');
INSERT INTO auth_permission VALUES(8,2,'view_permission','Can view permission');
INSERT INTO auth_permission VALUES(9,3,'add_group','Can add group');
INSERT INTO auth_permission VALUES(10,3,'change_group','Can change group');
INSERT INTO auth_permission VALUES(11,3,'delete_group','Can delete group');
INSERT INTO auth_permission VALUES(12,3,'view_group','Can view group');
INSERT INTO auth_permission VALUES(13,4,'add_user','Can add user');
INSERT INTO auth_permission VALUES(14,4,'change_user','Can change user');
INSERT INTO auth_permission VALUES(15,4,'delete_user','Can delete user');
INSERT INTO auth_permission VALUES(16,4,'view_user','Can view user');
INSERT INTO auth_permission VALUES(17,5,'add_contenttype','Can add content type');
INSERT INTO auth_permission VALUES(18,5,'change_contenttype','Can change content type');
INSERT INTO auth_permission VALUES(19,5,'delete_contenttype','Can delete content type');
INSERT INTO auth_permission VALUES(20,5,'view_contenttype','Can view content type');
INSERT INTO auth_permission VALUES(21,6,'add_session','Can add session');
INSERT INTO auth_permission VALUES(22,6,'change_session','Can change session');
INSERT INTO auth_permission VALUES(23,6,'delete_session','Can delete session');
INSERT INTO auth_permission VALUES(24,6,'view_session','Can view session');
INSERT INTO auth_permission VALUES(25,7,'add_store','Can add store');
INSERT INTO auth_permission VALUES(26,7,'change_store','Can change store');
INSERT INTO auth_permission VALUES(27,7,'delete_store','Can delete store');
INSERT INTO auth_permission VALUES(28,7,'view_store','Can view store');
INSERT INTO auth_permission VALUES(29,8,'add_product','Can add product');
INSERT INTO auth_permission VALUES(30,8,'change_product','Can change product');
INSERT INTO auth_permission VALUES(31,8,'delete_product','Can delete product');
INSERT INTO auth_permission VALUES(32,8,'view_product','Can view product');
INSERT INTO auth_permission VALUES(33,9,'add_order','Can add order');
INSERT INTO auth_permission VALUES(34,9,'change_order','Can change order');
INSERT INTO auth_permission VALUES(35,9,'delete_order','Can delete order');
INSERT INTO auth_permission VALUES(36,9,'view_order','Can view order');
CREATE TABLE IF NOT EXISTS "auth_group" ("id" integer NOT NULL PRIMARY KEY AUTOINCREMENT, "name" varchar(150) NOT NULL UNIQUE);
CREATE TABLE IF NOT EXISTS "auth_user" ("id" integer NOT NULL PRIMARY KEY AUTOINCREMENT, "password" varchar(128) NOT NULL, "last_login" datetime NULL, "is_superuser" bool NOT NULL, "username" varchar(150) NOT NULL UNIQUE, "last_name" varchar(150) NOT NULL, "email" varchar(254) NOT NULL, "is_staff" bool NOT NULL, "is_active" bool NOT NULL, "date_joined" datetime NOT NULL, "first_name" varchar(150) NOT NULL);
INSERT INTO auth_user VALUES(1,'pbkdf2_sha256$390000$cVGNIt0DFSzhkgSncJGBJ8$EJFDLqln9fEFandGWu0G7X31OLC4EIF+hnh4U1UYmSE=',NULL,1,'admin','','jesse.wimer@wsu.edu',1,1,'2023-06-27 22:20:03.074576','');
INSERT INTO auth_user VALUES(2,'pbkdf2_sha256$390000$vlqo8RkMfgyZw4ROSpew49$xriz+ABPJbKp8yRxiLYWRGHkwNgyIojETCp9psNlgU8=','2023-09-01 17:30:37.870409',1,'ndefe','','jesse.wimer@wsu.edu',1,1,'2023-07-27 18:30:16.306769','');
INSERT INTO auth_user VALUES(4,'pbkdf2_sha256$390000$H2QBuBqoaPuTYC7JDLcakB$dXy7Uhn9Z/Vu36Hi64IV0FSm7Ku6kvW7JD4QdzVNXkM=','2023-09-01 17:53:13.343278',0,'blossom','','',0,1,'2023-07-31 19:57:08.917510','');
INSERT INTO auth_user VALUES(5,'pbkdf2_sha256$390000$2JuVmkS9iI7VxjzW9BPwHH$vFl8aHC5QHbZ2OB7Pll0qnzawffsVjv431N/upqCzdo=','2023-07-31 20:19:34.812046',0,'central','','',0,1,'2023-07-31 19:57:09.030782','');
INSERT INTO auth_user VALUES(6,'pbkdf2_sha256$390000$h99to0mNFVh0Lsas6O26IG$a5APsNco9xUZxPKJxrJiMzI3Fy61rSJeI7LYiZb+HR4=',NULL,0,'christiansons','','',0,1,'2023-07-31 19:57:09.122285','');
INSERT INTO auth_user VALUES(7,'pbkdf2_sha256$390000$eSSG0zeSFOlRJvDiMJjbF2$hgvaU+lWSZGMPk8IBqY9OYLFQ/il8MMBva2trrKi84Q=',NULL,0,'cloudmountain','','',0,1,'2023-07-31 19:57:09.240197','');
INSERT INTO auth_user VALUES(8,'pbkdf2_sha256$390000$c77GdauCtqZl8K94jwqFsx$HemOHu1QV69nQZN1fUkvkTwbqE+ztxIZCfZW0mT69OA=',NULL,0,'cordata','','',0,1,'2023-07-31 19:57:09.349522','');
INSERT INTO auth_user VALUES(9,'pbkdf2_sha256$390000$gxVcHK8p4XPTilzXd2FegU$zdFZVd87LmppnOgCNOGn0IyDuhhO5fV64cveDdCwjOw=',NULL,0,'downtown','','',0,1,'2023-07-31 19:57:09.452087','');
INSERT INTO auth_user VALUES(10,'pbkdf2_sha256$390000$GX4RGvDpS0sTQxRN91OrBR$ey2lF0GXAVKx8AEzBanSm03PIf5TRrFVu9ad7cBU5Fs=',NULL,0,'concentrates','','',0,1,'2023-07-31 19:57:09.553460','');
INSERT INTO auth_user VALUES(11,'pbkdf2_sha256$390000$cHGIVASik5TBcWq46351Ix$ngQQ8YdwN/3Hdhlie1KdldKHzTkMr8pDm87da0aG7EY=',NULL,0,'crossroads','','',0,1,'2023-07-31 19:57:09.679198','');
INSERT INTO auth_user VALUES(12,'pbkdf2_sha256$390000$9JJIggfH4j952jBLing9dt$5ysWVfNI2S4BeTdGKEB9XuXOj7ad8tNmWt1RZgG6AYk=',NULL,0,'foodfront','','',0,1,'2023-07-31 19:57:09.787325','');
INSERT INTO auth_user VALUES(13,'pbkdf2_sha256$390000$0cwZD3em1r1t6saF6nGZYf$wZLWZeXq9GP3+jS27eCvaqPKPis4FpR6y6Ws9oVm5eo=',NULL,0,'mainmarket','','',0,1,'2023-07-31 19:57:09.899773','');
INSERT INTO auth_user VALUES(14,'pbkdf2_sha256$390000$bQPTozLAg7j3rUQZsqPAFt$74DAdq680zFDSk+6uwu6m2pPLTa10IcZhz1Awpceox4=',NULL,0,'mountaincommunity','','',0,1,'2023-07-31 19:57:09.999853','');
INSERT INTO auth_user VALUES(15,'pbkdf2_sha256$390000$wfCkSiOFKyPkDPNvMJAzjN$DEys9weks+Y0TzqdSp03abz59zZFwdTJWbW/U4qCKC4=','2023-07-31 22:46:53.683794',0,'mygarden','','',0,1,'2023-07-31 19:57:10.127356','');
INSERT INTO auth_user VALUES(16,'pbkdf2_sha256$390000$AcxllMzi7bL8WQmnZS6ZBp$aE00I1WoyYQibkQeWN7Yx1FobHRR9Iu4Db25+FsEwCw=',NULL,0,'olympiaeast','','',0,1,'2023-07-31 19:57:10.243584','');
INSERT INTO auth_user VALUES(17,'pbkdf2_sha256$390000$iI5YFreuC49MUnMzEfWtCk$I8S/4dSioarGN5/0SqWeGS5QX8JqVHcxgQsmuMLHOUI=',NULL,0,'olympiawest','','',0,1,'2023-07-31 19:57:10.356858','');
INSERT INTO auth_user VALUES(18,'pbkdf2_sha256$390000$Z5M2BA7ZfxdmWblGwz8peH$I03iJ5eZEivxsT6Pz66A4ot2stFDXBkEXVliMzfRADc=',NULL,0,'orcascoop','','',0,1,'2023-07-31 19:57:10.464588','');
INSERT INTO auth_user VALUES(19,'pbkdf2_sha256$390000$efjDpKmIi4CCrClwKISLE9$37UH/laxrYCepvxUUtVjBNiiWilHDf9FkAiXqcWCJ80=',NULL,0,'pcccentral','','',0,1,'2023-07-31 19:57:10.569879','');
INSERT INTO auth_user VALUES(20,'pbkdf2_sha256$390000$O4majtPUlWXmChyXGJeJvv$6Y2/fL6PRa2dcede14EP0UaV3Tiflgn09FTDGfwvGyU=',NULL,0,'pccballard','','',0,1,'2023-07-31 19:57:10.675186','');
INSERT INTO auth_user VALUES(21,'pbkdf2_sha256$390000$uPTfKp0BkTM6TBY1XgViQE$VNbCMsn29LShqa9D20GZPbAaRKRytoKK5E+2sVx/ylw=',NULL,0,'pccbothell','','',0,1,'2023-07-31 19:57:10.781194','');
INSERT INTO auth_user VALUES(22,'pbkdf2_sha256$390000$72gMwi7fS0H5G7aPDNbmG8$7hJstSeD1iYJCYo/3QmzkPekwxRnyjEY2xP0Qn/a6qU=',NULL,0,'pccburien','','',0,1,'2023-07-31 19:57:10.888538','');
INSERT INTO auth_user VALUES(23,'pbkdf2_sha256$390000$If61c2fTPtpXDFyDyBFtt6$1iUXnpe+8CSI82Xub2QlLLJkFOpqS+2sN9mOkHPSzts=',NULL,0,'pcccolumbiacity','','',0,1,'2023-07-31 19:57:10.997425','');
INSERT INTO auth_user VALUES(24,'pbkdf2_sha256$390000$GZghFbOxGfMBCpMITV893l$zTKDvzptyF5j0aCnjxdRV62wCRnPDNLjY2maXzhJVuQ=',NULL,0,'pccedmonds','','',0,1,'2023-07-31 19:57:11.097462','');
INSERT INTO auth_user VALUES(25,'pbkdf2_sha256$390000$6swiIC2MA624Noqt8nNdMI$j23QMG3K3rPMyAcL1tW4SziiQSJ9BddJ//GhG/apJsc=',NULL,0,'pccfremont','','',0,1,'2023-07-31 19:57:11.224349','');
INSERT INTO auth_user VALUES(26,'pbkdf2_sha256$390000$WKvB6Y3r51DdkCKsemEx1J$rzkgOy5NJKgsURVnrRvl6yInbz0Ec7c/bpt3P8xCQ38=',NULL,0,'pccaurora','','',0,1,'2023-07-31 19:57:11.337553','');
INSERT INTO auth_user VALUES(27,'pbkdf2_sha256$390000$cXdxFfc7Un6ULfZMSSFp3x$a/H9xW5BRWC/XgReL7VMTLCrBruQMQON+otly/DmXm8=',NULL,0,'pccgreenlake','','',0,1,'2023-07-31 19:57:11.440824','');
INSERT INTO auth_user VALUES(28,'pbkdf2_sha256$390000$9B8SAjzKflNHSleDpE8JFm$+hFbcmrsZDi+k8VNlIv42C66vGSpFSdCiiuBzrH71Qs=',NULL,0,'pccissaquah','','',0,1,'2023-07-31 19:57:11.545630','');
INSERT INTO auth_user VALUES(29,'pbkdf2_sha256$390000$QUyrVWhmljZgfWdtiRMQ4M$sKghCkuH9P1Oy5tV6seh1iN0lopJIeUo9A7W36lLDg4=',NULL,0,'pcckirkland','','',0,1,'2023-07-31 19:57:11.663943','');
INSERT INTO auth_user VALUES(30,'pbkdf2_sha256$390000$xsgEkz4JmeZ2kTzbxd8VfV$fvwRWIRzIl10efUN7cr/ziKUPBUDCnuspQ1yKduR6VE=',NULL,0,'pccredmond','','',0,1,'2023-07-31 19:57:11.774823','');
INSERT INTO auth_user VALUES(31,'pbkdf2_sha256$390000$dnswWhLJF4itBTZLvO4KoP$xCon2/1MlP0pAylpDe/kN3JYLqh0mc0DtnlhKsH6X9s=',NULL,0,'pccviewridge','','',0,1,'2023-07-31 19:57:11.878242','');
INSERT INTO auth_user VALUES(32,'pbkdf2_sha256$390000$uPtEMZ3U02Bo8yb0bZfqhk$CIF7ted2Gq9LkfULbaDMtUGcgx3JHuYGffz5xjUswdA=',NULL,0,'pccwestseattle','','',0,1,'2023-07-31 19:57:12.005164','');
INSERT INTO auth_user VALUES(33,'pbkdf2_sha256$390000$U5vcbOnuOLRRGFyr78Deph$qClsiJbgSFN1IxUeIScaZaqYZ20QIoW8+53vL0KWbfs=',NULL,0,'peoplescoop','','',0,1,'2023-07-31 19:57:12.122493','');
INSERT INTO auth_user VALUES(34,'pbkdf2_sha256$390000$t66TlNciA1RwifqHhKHxLe$NB0dSMml6S0BHq/gaClRg+O+nTAoDLNEM7qWAe65Z/w=',NULL,0,'porttownsendcoop','','',0,1,'2023-07-31 19:57:12.242920','');
INSERT INTO auth_user VALUES(35,'pbkdf2_sha256$390000$1xnU8hjUTMACt7cnvlzt74$1UJOEDWXfhFLNWV11rEzYEAluPP32OXKRBO7WYwk5Yk=',NULL,0,'sanjuancoop','','',0,1,'2023-07-31 19:57:12.348272','');
INSERT INTO auth_user VALUES(36,'pbkdf2_sha256$390000$22aMxLNRkL3hWkHhg1fxFC$chAd7/QLH0ros2N0HMZyHOWXG2jq8C1bpD9UkRKJs1U=',NULL,0,'skagitcoop','','',0,1,'2023-07-31 19:57:12.471758','');
INSERT INTO auth_user VALUES(37,'pbkdf2_sha256$390000$NwcgQ8En0pWo2mjJFUo1yQ$j9k+rEkqg3pbDyeT44TyPSOwZCH/KI6cCo80bVhG9DM=',NULL,0,'snoislecoop','','',0,1,'2023-07-31 19:57:12.576917','');
INSERT INTO auth_user VALUES(38,'pbkdf2_sha256$390000$rHKWDqATDC8XKWvXsUrgzP$CeSIVdUJaaDcZp3VWZRamW71cjiwb4B4uGDs0BopXWM=',NULL,0,'sundance','','',0,1,'2023-07-31 19:57:12.689003','');
INSERT INTO auth_user VALUES(39,'pbkdf2_sha256$390000$xoeZowu9K8JAmnnvxlw1zn$9+qvm2UWuvjHh70+UvE62HeNg1/jkfxm6ljFgSey+cw=',NULL,0,'walts','','',0,1,'2023-07-31 19:57:12.794017','');
INSERT INTO auth_user VALUES(40,'pbkdf2_sha256$390000$RrF0nggiWLdT5U7iDvFXKw$TkjUpQXAUAnvw/FGRwgZg3AcI9GsX8Uo0hH86qWWbDc=','2023-09-01 17:30:55.938943',0,'alberta','','',0,1,'2023-07-31 20:34:43.268579','');
CREATE TABLE IF NOT EXISTS "django_session" ("session_key" varchar(40) NOT NULL PRIMARY KEY, "session_data" text NOT NULL, "expire_date" datetime NOT NULL);
INSERT INTO django_session VALUES('ms390n1pr3i03x1zcbw9692j2e3hp18s','.eJxVjMsOwiAQRf-FtSE8mgFcuvcbCDMMUjWQlHZl_Hdt0oVu7znnvkRM21rjNniJcxZnYcTpd8NED247yPfUbl1Sb-syo9wVedAhrz3z83K4fwc1jfqt0RSnnVPeQ7KkgIjYQ84BFIJB67ImUowTo9LWkYUJik0l-BAYsIj3B-gwOD4:1qP5lG:cTRHlEHAiEmnFwmvWqvyA362guA8cjWJGUEOUffM7cQ','2023-08-10 18:30:54.095417');
INSERT INTO django_session VALUES('bbwskw8rxj60jvco35cz0q4pe2akube4','.eJxVjMsOwiAQRf-FtSE8mgFcuvcbCDMMUjWQlHZl_Hdt0oVu7znnvkRM21rjNniJcxZnYcTpd8NED247yPfUbl1Sb-syo9wVedAhrz3z83K4fwc1jfqt0RSnnVPeQ7KkgIjYQ84BFIJB67ImUowTo9LWkYUJik0l-BAYsIj3B-gwOD4:1qQ1Kf:HuT2XSL85vvG5uw_t4Tzr_ZhB2QE8018_lc4zqrfsKc','2023-08-13 07:59:17.892793');
INSERT INTO django_session VALUES('6anemy1hofbxt2t4q9jn48blae2ho8yc','.eJxVjMsOwiAQRf-FtSE8mgFcuvcbCDMMUjWQlHZl_Hdt0oVu7znnvkRM21rjNniJcxZnYcTpd8NED247yPfUbl1Sb-syo9wVedAhrz3z83K4fwc1jfqt0RSnnVPeQ7KkgIjYQ84BFIJB67ImUowTo9LWkYUJik0l-BAYsIj3B-gwOD4:1qQ1LM:Eld8VhFKt2mCsWEZvsPyl_52r0SqNy3kQIp1x37giEk','2023-08-13 08:00:00.972310');
INSERT INTO django_session VALUES('ve6m2ch0q2dko6vzn1qmy1eqd8xurpro','.eJxVjMsOwiAQRf-FtSE8mgFcuvcbCDMMUjWQlHZl_Hdt0oVu7znnvkRM21rjNniJcxZnYcTpd8NED247yPfUbl1Sb-syo9wVedAhrz3z83K4fwc1jfqt0RSnnVPeQ7KkgIjYQ84BFIJB67ImUowTo9LWkYUJik0l-BAYsIj3B-gwOD4:1qQ1Lg:8SaYkjE-xGKy2ZjsRCQijahHRUa0wZZUkroc7zci6q8','2023-08-13 08:00:20.062085');
INSERT INTO django_session VALUES('ioxeh5ww0j0jadgisn1vo6722q958amy','.eJxVjMsOwiAQRf-FtSE8mgFcuvcbCDMMUjWQlHZl_Hdt0oVu7znnvkRM21rjNniJcxZnYcTpd8NED247yPfUbl1Sb-syo9wVedAhrz3z83K4fwc1jfqt0RSnnVPeQ7KkgIjYQ84BFIJB67ImUowTo9LWkYUJik0l-BAYsIj3B-gwOD4:1qQANd:tTrFiLgNccdRFIe52hvvPElNMY_8FxEqXG4-Wzxke08','2023-08-13 17:38:57.234246');
INSERT INTO django_session VALUES('9bg9i6p5lw367ifam33mv8llk0azxv38','.eJxVjMsOwiAQRf-FtSE8mgFcuvcbCDMMUjWQlHZl_Hdt0oVu7znnvkRM21rjNniJcxZnYcTpd8NED247yPfUbl1Sb-syo9wVedAhrz3z83K4fwc1jfqt0RSnnVPeQ7KkgIjYQ84BFIJB67ImUowTo9LWkYUJik0l-BAYsIj3B-gwOD4:1qQAQq:uy85CV_qeOZDSplvw2c1SwACH2t7HvmZWea93AZwQy8','2023-08-13 17:42:16.255528');
INSERT INTO django_session VALUES('v1rtjtwyy3l29yszi79y3s8p7b1h9oz3','.eJxVjDsOwjAQBe_iGln-xD9Kes5g7XptHEC2FCcV4u4QKQW0b2bei0XY1hq3kZc4Ezszadjpd0RIj9x2Qndot85Tb-syI98VftDBr53y83K4fwcVRv3WJjsnnExFKa18MFoLKpCSnXxBQvDKCbLSOHRUSAchdREJ0RZhwgSWvT_-MDgD:1qQauB:zqwzkgsf8M_J3Trv-yjSmlc630j4aHA9DXUh10zevK8','2023-08-14 21:58:19.242601');
INSERT INTO django_session VALUES('mzogbzunlg9rox13vzblceay46f73f41','.eJxVjMsOwiAQRf-FtSE8mgFcuvcbCDMMUjWQlHZl_Hdt0oVu7znnvkRM21rjNniJcxZnYcTpd8NED247yPfUbl1Sb-syo9wVedAhrz3z83K4fwc1jfqt0RSnnVPeQ7KkgIjYQ84BFIJB67ImUowTo9LWkYUJik0l-BAYsIj3B-gwOD4:1qR30z:xQGOx2tw4adZgWj0mXcacMWMbGv5nwN6a8KECVhdpgg','2023-08-16 03:59:13.632893');
INSERT INTO django_session VALUES('tbqhj46aoyz4jz2cy1ofsa9t8tjfm7w3','.eJxVjMsOwiAQRf-FtSE8mgFcuvcbCDMMUjWQlHZl_Hdt0oVu7znnvkRM21rjNniJcxZnYcTpd8NED247yPfUbl1Sb-syo9wVedAhrz3z83K4fwc1jfqt0RSnnVPeQ7KkgIjYQ84BFIJB67ImUowTo9LWkYUJik0l-BAYsIj3B-gwOD4:1qTUW3:oMM4lC8vFOsSj6LIKeQ5w1s_euTfPGm7eWHD4gYtmMc','2023-08-22 21:45:23.869701');
INSERT INTO django_session VALUES('yfbesio0lphq6wyzbahb0ruemoot9d5q','.eJxVjMsOwiAQRf-FtSE8mgFcuvcbCDMMUjWQlHZl_Hdt0oVu7znnvkRM21rjNniJcxZnYcTpd8NED247yPfUbl1Sb-syo9wVedAhrz3z83K4fwc1jfqt0RSnnVPeQ7KkgIjYQ84BFIJB67ImUowTo9LWkYUJik0l-BAYsIj3B-gwOD4:1qUAiG:oBMxV2KZDmH8BQS3wsS8o8AdIfIeNmR5xkUM2-m6DJQ','2023-08-24 18:48:48.551517');
INSERT INTO django_session VALUES('t39atxckj2h3ws1hkp48pz1dycrxbyc1','.eJxVjMsOwiAURP-FtSHlES66dO83NAOXStVAUtqV8d-lSRe6mM2cM_MWI7Y1j1tLyzizuAg7iNNvGRCfqeyEHyj3KmMt6zIHuSvyoE3eKqfX9XD_DjJa7uuzhWIyxEiRAzxZ2B7lMDhttZ6cJ60UYVLRB6MJ3EUDnywNMUJ8vg4xOH8:1qVxHt:IgK_MHHlMCWB1bPpj1JdmfVi4zCHK0VyQXID6JRUs9g','2023-08-29 16:52:57.963875');
INSERT INTO django_session VALUES('vxofw1am45rikl4tit4r3i3tup2tmhx6','.eJxVjMsOwiAURP-FtSHlES66dO83NAOXStVAUtqV8d-lSRe6mM2cM_MWI7Y1j1tLyzizuAg7iNNvGRCfqeyEHyj3KmMt6zIHuSvyoE3eKqfX9XD_DjJa7uuzhWIyxEiRAzxZ2B7lMDhttZ6cJ60UYVLRB6MJ3EUDnywNMUJ8vg4xOH8:1qXXhD:8jK5sme_KLclWR1it1FyqOZFixNwQypzeLdA_HJtRLk','2023-09-03 01:57:39.195680');
INSERT INTO django_session VALUES('uk5onaqjjvac86k8tgepvb3h6xh88017','.eJxVjMsOwiAURP-FtSHlES66dO83NAOXStVAUtqV8d-lSRe6mM2cM_MWI7Y1j1tLyzizuAg7iNNvGRCfqeyEHyj3KmMt6zIHuSvyoE3eKqfX9XD_DjJa7uuzhWIyxEiRAzxZ2B7lMDhttZ6cJ60UYVLRB6MJ3EUDnywNMUJ8vg4xOH8:1qYKzG:7wrhxRQ_jeg3YNSPueR01IDSMsEVq-79Lwwxt_nU-tk','2023-09-05 06:35:34.756519');
INSERT INTO django_session VALUES('2n3xth0slam96tiie7one44moip26ed3','.eJxVjMsOwiAURP-FtSHlES66dO83NAOXStVAUtqV8d-lSRe6mM2cM_MWI7Y1j1tLyzizuAg7iNNvGRCfqeyEHyj3KmMt6zIHuSvyoE3eKqfX9XD_DjJa7uuzhWIyxEiRAzxZ2B7lMDhttZ6cJ60UYVLRB6MJ3EUDnywNMUJ8vg4xOH8:1qYZNP:Ey19GbsTxEIo1gBM4R1XPYxotawBEHn2aI5dAK9iNIw','2023-09-05 21:57:27.433313');
INSERT INTO django_session VALUES('ejpr0f11o0ooiz85o0aah0wk583m7rep','e30:1qc7yf:YId4u__GFNfUcjNNfLMQPX4f7qM6mMOQQXdPlgCzxVs','2023-09-15 17:30:37.855012');
INSERT INTO django_session VALUES('w1u31myxlqd18rxb8mosbdj2z6mpw30u','.eJxVjEEOwiAQRe_C2hBghkJduvcMZIBRqgaS0q6Md7dNutDte-__twi0LiWsnecwZXEWKE6_LFJ6ct1FflC9N5laXeYpyj2Rh-3y2jK_Lkf7d1Col23tiQ05e0PnjINsiQejvAUVffIbTs4hegbOOo4ms0JjwY96UMgIoMXnC82INr8:1qc8KX:h-jVVbF_qO9fr_nM94bJLKLXU5Xyu3WeF60zOe53DOs','2023-09-15 17:53:13.358990');
CREATE TABLE IF NOT EXISTS "products_product" ("id" integer NOT NULL PRIMARY KEY AUTOINCREMENT, "variety" varchar(25) NULL, "description" text NULL, "active" varchar(10) NULL, "category" varchar(25) NULL, "notes" text NULL, "quickbooks_code" varchar(50) NULL, "sku" varchar(11) NULL, "sub_type" varchar(25) NULL, "super_type" varchar(25) NULL, "veg_type" varchar(25) NULL, "item_number" integer NULL, "price" decimal NULL, "photo" varchar(100) NULL);
INSERT INTO products_product VALUES(1,'Calypso','These beauties set abundant fruit even in cool seasons. Steaming chili awaits you','2','Vegetables',NULL,'Seed:Bean:Calypso','BEA-CA-pktw','DRY/BUSH','BEAN','BEAN',101,2.0499999999999998223,'products\photos\101.webp');
INSERT INTO products_product VALUES(2,'Cocaigne (Haricot di Paimpol)','Melt in your mouth goodness. Beany ganache! Traditionally eaten as a shelly bean.','nan','Vegetables',NULL,'Seed:Bean:Cocaigne','BEA-HP-pktw','DRY/BUSH','BEAN','BEAN',102,2.0499999999999998223,'products\photos\102.webp');
INSERT INTO products_product VALUES(3,'Flageolet Vert','A celebration unto themselves! Intensely creamy and productive. Dry or Shelly.','3','Vegetables',NULL,'Seed:Bean:Flageolet Vert','BEA-FL-pktw','DRY/BUSH','BEAN','BEAN',103,2.0499999999999998223,'products\photos\103.jpg');
INSERT INTO products_product VALUES(4,'Hungarian Rice Bean','Toothsome, creamy and delectable petite white bean. Heavy producer on compact plants.','S','Vegetables',NULL,'Seed:Bean:Hungarian Rice Bean','BEA-HR-pktw','DRY/BUSH','BEAN','BEAN',104,2.0499999999999998223,'products\photos\104.webp');
INSERT INTO products_product VALUES(5,'Hutterite','*Ark Of Taste* Quick cooking, melt in your mouth, comfort food white bean.','S','Vegetables',NULL,'Seed:Bean:Hutterite','BEA-HU-pktw','DRY/BUSH','BEAN','BEAN',105,2.0499999999999998223,'products\photos\105.webp');
INSERT INTO products_product VALUES(6,'Ireland Creek Annie','Solid producer of rich, creamy beans perfect for soups, spreads, and sauces.','nan','Vegetables',NULL,'Seed:Bean:Ireland Creek Annie','BEA-IC-pktw','DRY/BUSH','BEAN','BEAN',106,2.0499999999999998223,'products\photos\106.webp');
INSERT INTO products_product VALUES(7,'Jacob’s Cattle','*Ark Of Taste* Early and prolific. Known to make a fierce bowl of chili!','S','Vegetables',NULL,'Seed:Bean:Jacob''s Cattle','BEA-JC-pktw','DRY/BUSH','BEAN','BEAN',107,2.0499999999999998223,'products\photos\107.webp');
INSERT INTO products_product VALUES(8,'Jacob’s Gold','Speckled gold & white beans, pinto size w/rich flavor. Early, large, and prolific.','nan','Vegetables',NULL,'Seed:Bean:Jacob''s Gold','BEA-JG-pktw','DRY/BUSH','BEAN','BEAN',108,2.0499999999999998223,'products\photos\108.webp');
INSERT INTO products_product VALUES(9,'Kenearly Yellow Eye','Creamy white Maine heirloom for authentic baked beans. Wicked good eating!','S','Vegetables',NULL,'Seed:Bean:Kenearly Yellow Eye','BEA-KY-pktw','DRY/BUSH','BEAN','BEAN',109,2.0499999999999998223,'products\photos\109.webp');
INSERT INTO products_product VALUES(10,'Lina Sisco’s Bird Egg','*Ark Of Taste* Delicious smooth texture & rich flavor. Tasty as shelly beans too!','2','Vegetables',NULL,'Seed:Bean:Lina Cisco''s Bird Egg','BEA-LC-pktw','DRY/BUSH','BEAN','BEAN',110,2.0499999999999998223,'products\photos\110.webp');
INSERT INTO products_product VALUES(11,'Marfax','From Maine. Round, golden brown beans are classic baked or for soup. Very early.','3','Vegetables',NULL,'Seed:Bean:Marfax','BEA-MX-pktw','DRY/BUSH','BEAN','BEAN',111,2.0499999999999998223,'products\photos\111.jpg');
INSERT INTO products_product VALUES(12,'Purgatorio','*Ark Of Taste* Small trad. white bean of Tuscany. Dates back to the Etruscans','nan','Vegetables',NULL,'Seed:Bean:Purgatorio','BEA-PU-pktw','DRY/BUSH','BEAN','BEAN',112,2.0499999999999998223,'products\photos\112.webp');
INSERT INTO products_product VALUES(13,'Rockwell','*Ark Of Taste* 100+yr old Whidbey Is. heirloom. Very reliable, productive & tasty!','2','Vegetables',NULL,'Seed:Bean:Rockwell','BEA-RO-pktw','DRY/BUSH','BEAN','BEAN',113,2.0499999999999998223,'products\photos\113.webp');
INSERT INTO products_product VALUES(14,'Rosso di Lucca','*Ark of Taste* Beautiful speckled rose/salmon bean of Tuscany. Early & reliable.','3','Vegetables',NULL,'Seed:Bean:Rosso di Lucca','BEA-RL-pktw','DRY/BUSH','BEAN','BEAN',114,2.0499999999999998223,'products\photos\114.webp');
INSERT INTO products_product VALUES(15,'Tiger’s Eye','For those who value dry beans for their aesthetic beauty as well as taste.','nan','Vegetables',NULL,'Seed:Bean:Tiger''s Eye','BEA-TE-pktw','DRY/BUSH','BEAN','BEAN',115,2.0499999999999998223,'products\photos\115.webp');
INSERT INTO products_product VALUES(16,'Zolfino','*Ark Of Taste* Deliciously tender and creamy traditional bean of Tuscany','nan','Vegetables',NULL,'Seed:Bean:Zolfino','BEA-ZO-pktw','DRY/BUSH','BEAN','BEAN',116,2.0499999999999998223,'products\photos\116.webp');
INSERT INTO products_product VALUES(17,'Alaric (Tarbais)','One of the most renowned beans of Europe. Vigorous 7’ vines produce large white beans.','nan','Vegetables',NULL,'Seed:Bean:Alaric','BEA-TA-pktw','DRY/POLE','BEAN','BEAN',117,2.0499999999999998223,'products\photos\117.webp');
INSERT INTO products_product VALUES(18,'Annie Jackson','Plump, bicolor burgundy and white pole bean of Russian origin. Early& productive. ','nan','Vegetables',NULL,'Seed:Bean:Annie Jackson','BEA-AJ-pktw','DRY/POLE','BEAN','BEAN',118,2.0499999999999998223,'products\photos\118.webp');
INSERT INTO products_product VALUES(19,'Pellegrini','Treasured grey/brown and white bean of Seattle food legend Angelo Pellegrini ','2','Vegetables',NULL,'Seed:Bean:Pellegrini','BEA-PE-pktw','DRY/POLE','BEAN','BEAN',119,2.0499999999999998223,'products\photos\119.webp');
INSERT INTO products_product VALUES(20,'Sorana','*Ark of Taste* Famed white bean of Tuscany. Small, tender, and early on 6-7’ vines.','nan','Vegetables',NULL,'Seed:Bean:Sorana','BEA-SO-pktw','DRY/POLE','BEAN','BEAN',120,2.0499999999999998223,'products\photos\120.webp');
INSERT INTO products_product VALUES(21,'Tolosa','Famed plump, glossy black bean of Basque country. Later maturing on vigorous vines','nan','Vegetables',NULL,'Seed:Bean:Tolosa','BEA-AT-pktw','DRY/POLE','BEAN','BEAN',121,2.0499999999999998223,'products\photos\121.webp');
INSERT INTO products_product VALUES(22,'Karmazyn','Beautiful Polish variety w/a pink blush at fresh stage. Large beans are prolific and very tender. ','1','Vegetables',NULL,'Seed:Karmazyn','FAV-KA-pktw','FAVA','BEAN','BEAN',122,2.0499999999999998223,'products\photos\122.webp');
INSERT INTO products_product VALUES(23,'Blooming Prairie',replace('Glossy purple, slender, straight, and\n crisp beans. Refreshing full flavor.\n','\n',char(10)),'1','Vegetables',NULL,'Seed:Bean:Blooming Prairie','BEA-BP-pktw','SNAP/BUSH','BEAN','BEAN',123,2.0499999999999998223,'products\photos\123.webp');
INSERT INTO products_product VALUES(24,'Dragon Langerie','Unusually juicy, flat pod wax beans have it all… flavor, beauty, and abundance!','2','Vegetables',NULL,'Seed:Bean:Dragon Langerie','BEA-DR-pktw','SNAP/BUSH','BEAN','BEAN',124,2.0499999999999998223,'products\photos\124.webp');
INSERT INTO products_product VALUES(25,'Empress','6-7"straight pods of stellar tasting green beans Vigorous and productive. White seed.','1','Vegetables',NULL,'Seed:Bean:Empress','BEA-EM-pktw','SNAP/BUSH','BEAN','BEAN',125,2.0499999999999998223,'products\photos\125.jpg');
INSERT INTO products_product VALUES(26,'Provider','Very popular tried & true green bean. Known for reliable germination in cooler soils.','1','Vegetables',NULL,'Seed:Bean:Provider','BEA-PR-pktw','SNAP/BUSH','BEAN','BEAN',126,2.0499999999999998223,'products\photos\126.jpg');
INSERT INTO products_product VALUES(27,'Marvel of Venice','Long, flat, golden yellow beans draped on 7’ vines. Rich and buttery.','3','Vegetables',NULL,'Seed:Bean:Marvel of Venice','BEA-MV-pktw','SNAP/POLE','BEAN','BEAN',127,2.0499999999999998223,'products\photos\127.webp');
INSERT INTO products_product VALUES(28,'Trionfo Violetto','Deeply purple and snappy delicious long pods on strong climbing vines. Italian.','nan','Vegetables',NULL,'Seed:Bean:Trionfo Violetto','BEA-TV-pktw','SNAP/POLE','BEAN','BEAN',128,2.0499999999999998223,'products\photos\128.webp');
INSERT INTO products_product VALUES(29,'Touchstone','Vigorous leaf growth paired with sweet, beautifully shaped, smooth round golden roots. ','2','Vegetables',NULL,'Seed:Beet:Touchstone Gold','BEE-TG-pktw','GOLD','BEET','BEET',129,2.0499999999999998223,'products\photos\129.webp');
INSERT INTO products_product VALUES(30,'Crapaudine','Delicious, treasured French variety & the oldest known beet cultivar. Very long tapered roots. ','3','Vegetables',NULL,'Seed:Beet:Crapaudine','BEE-CR-pktw','RED','BEET','BEET',130,2.0499999999999998223,'products\photos\130.webp');
INSERT INTO products_product VALUES(31,'Feuer Kugel','Vigorous trial winner with refined, mild roots and a healthy top of greens. ','3','Vegetables',NULL,'Seed:Beet:Feuer Kugel','BEE-FK-pktw','RED','BEET','BEET',131,2.0499999999999998223,'products\photos\131.jpg');
INSERT INTO products_product VALUES(32,'Lutz Green Leaf','Tremendous head of greens. Cold hardy with large sweet roots. Excellent keeper.','2','Vegetables',NULL,'Seed:Beet:Lutz Green Leaf','BEE-LU-pktw','RED','BEET','BEET',132,2.0499999999999998223,'products\photos\132.jpg');
INSERT INTO products_product VALUES(33,'Shiraz','Uniformly smooth and shapely round red roots w/ lush green, tall tops. Taste test winner!','1','Vegetables',NULL,'Seed:Beet:Shiraz','BEE-SH-pktw','RED','BEET','BEET',133,2.0499999999999998223,'products\photos\133.webp');
INSERT INTO products_product VALUES(34,'Chioggia','Bright red roots w/ stunning red and white bulls-eye patterned flesh. Sweet!','2','Vegetables',NULL,'Seed:Beet:Chioggia','BEE-CH-pktw','SPECIALTY','BEET','BEET',134,2.0499999999999998223,'products\photos\134.webp');
INSERT INTO products_product VALUES(35,'3 Beet Mix','Dazzling mix of red, gold, & candy-striped beets. (Shiraz, Touchstone Gold, & Chioggia)','1','Vegetables',NULL,'nan','BEE-3B-pktw','','BEET','BEET',385,2.0499999999999998223,'products\photos\385.webp');
INSERT INTO products_product VALUES(36,'Novantina','Graceful and branching with early & extensive bud clusters. Milder then "Spring Raab".','1','Vegetables',NULL,'Seed:Kale/Chard:Novantina','BRO-NO-pktw','RAPINI','BRASSICA','BROCCOLI',135,2.0499999999999998223,'products\photos\135.webp');
INSERT INTO products_product VALUES(37,'Solstice','Refined variety featuring tight, dark, uniform heads and excellent side shoot production.','1','Vegetables',NULL,'Seed:Kale/Chard:Solstice','BRO-SO-pktw','','BRASSICA','BROCCOLI',136,2.0499999999999998223,'products\photos\136.webp');
INSERT INTO products_product VALUES(38,'Umpqua','Excellent taste, vigor, color, head size & side shoots. Matures over a period of 2 weeks.','3','Vegetables',NULL,'Seed:Kale/Chard:Umpqua','BRO-UM-pktw','','BRASSICA','BROCCOLI',137,2.0499999999999998223,'products\photos\137.jpg');
INSERT INTO products_product VALUES(39,'Takinogawa','Long taproots with a deep, earthy flavor, eaten widely in Japan. Fuzzy plants grow to 3’','nan','Vegetables',NULL,'Seed:Takinogawa','BUR-TK-pktw','','MISC','BURDOCK',138,2.0499999999999998223,'products\photos\138.webp');
INSERT INTO products_product VALUES(40,'Dowinda','Superb fall/storage variety producing large green oblong heads. Cold hardy and delicious.','nan','Vegetables',NULL,'Seed:Kale/Chard:Dowinda','CAB-DO-pktw','FALL/WINTER','BRASSICA','CABBAGE',139,2.0499999999999998223,'products\photos\139.webp');
INSERT INTO products_product VALUES(41,'Filderkraut','*Ark of Taste* Comically conical sauerkraut favorite, but the flavor is no joke.','1','Vegetables',NULL,'Seed:Filderkraut','CAB-FK-pktw','FALL/WINTER','BRASSICA','CABBAGE',140,2.0499999999999998223,'products\photos\140.webp');
INSERT INTO products_product VALUES(42,'January King','Indestructible semi-savoyed green-blushed-red heads in winter. June-July planted.','2','Vegetables',NULL,'Seed:January King','CAB-JK-pktw','FALL/WINTER','BRASSICA','CABBAGE',141,2.0499999999999998223,'products\photos\141.webp');
INSERT INTO products_product VALUES(43,'Columbia','Uniform, medium sized, round green heads. A split resistant, quick to mature selection.','nan','Vegetables',NULL,'Seed:Kale/Chard:Columbia','CAB-NS-pktw','SUMMER','BRASSICA','CABBAGE',142,2.0499999999999998223,'products\photos\142.webp');
INSERT INTO products_product VALUES(44,'Marner','Excellent N. European variety for fall cropping. Cold hardy med-large green heads.','nan','Vegetables',NULL,'Seed:Kale/Chard:Marner','CAB-MA-pktw','SUMMER','BRASSICA','CABBAGE',143,2.0499999999999998223,'products\photos\143.webp');
INSERT INTO products_product VALUES(45,'Gobbo di Nizza','Blanched leaf stalks of this Artichoke relative are delicious raw, baked, or fried.','3','Vegetables',NULL,'Seed:Gobbo di Nizza','CAR-GN-pktw','','MISC','CARDOON',144,2.0499999999999998223,'products\photos\144.webp');
INSERT INTO products_product VALUES(46,'Rainbow Carrot Mix','Brilliant mix of our orange, purple & yellow carrots. Sure to enthrall everyone. Kids love em!','1','Vegetables',NULL,'Seed:Carrot:Rainbow Carrot Mix','CAR-RA-pktw','RAINBOW','CARROT','CARROT',145,2.0499999999999998223,'products\photos\145.webp');
INSERT INTO products_product VALUES(47,'Dragon','Beautiful purple tapered roots with, sweet crisp orange centers','nan','Vegetables',NULL,'Seed:Carrot:Purple Dragon','CAR-DR-pktw','','CARROT','CARROT',146,2.0499999999999998223,'products\photos\146.webp');
INSERT INTO products_product VALUES(48,'Scarlet Nantes','A classic carrot. Highly versatile from baby to bunching, fall storage to juicing.','1','Vegetables',NULL,'Seed:Carrot:Scarlet Nantes','CAR-SN-pktw','','CARROT','CARROT',147,2.0499999999999998223,'products\photos\147.webp');
INSERT INTO products_product VALUES(49,'Tonda di Parigi','Fun, round, golf ball sized carrots perfect for clay soils & dramatic presentations.','W','Vegetables',NULL,'Seed:Carrot:Tonda di Parigi','CAR-TO-pktw','','CARROT','CARROT',148,2.0499999999999998223,'products\photos\148.webp');
INSERT INTO products_product VALUES(50,'Prestige','Winter hardy large white domes mature in April. A Spring treat!.','2','Vegetables',NULL,'Seed:Prestige','CAU-PR-pktw','','BRASSICA','CAULIFLOWER',149,2.0499999999999998223,'products\photos\149.webp');
INSERT INTO products_product VALUES(51,'Monarch','Softball sized roots w/flavor akin to a celery & parsley cross. Excellent storage and taste!','2','Vegetables',NULL,'Seed:Monarch','CEL-MO-pktw','','MISC','CELERIAC',150,2.0499999999999998223,'products\photos\150.webp');
INSERT INTO products_product VALUES(52,'Rainbow Chard','A bright burst of rainbow brilliance in your garden!','1','Vegetables',NULL,'Seed:Kale/Chard:Rainbow Chard','CHA-RA-pktw','SWISS','GREENS','CHARD',151,2.0499999999999998223,'products\photos\151.jpg');
INSERT INTO products_product VALUES(53,'Cascade Glaze','Unusual, Oregon-bred glossy leaved variety. Extremely tender, top notch sweet flavor.','2','Vegetables',NULL,'Seed:Kale/Chard:Cascade Glaze','COL-CG-pktw','','BRASSICA','COLLARDS',152,2.0499999999999998223,'products\photos\152.webp');
INSERT INTO products_product VALUES(54,'Champion','Large wavy dark green leaves to scratch that Southern home cookin’ itch.','nan','Vegetables',NULL,'Seed:Kale/Chard:Champion','COL-CH-pktw','','BRASSICA','COLLARDS',153,2.0499999999999998223,'products\photos\153.webp');
INSERT INTO products_product VALUES(55,'Floriani Red Flint','Old land- race variety for fabulous, creamy polenta, wonderful breads & corncakes.','nan','Vegetables',NULL,'Seed:Floriani Red Flint','COR-FL-pktw','DRY','CORN & GRAIN','CORN',154,2.0499999999999998223,'products/photos/default.jpg');
INSERT INTO products_product VALUES(56,'Painted Mountain','Early maturing, compact 5’ plants with long slender ears in an amazing spectrum of colors','nan','Vegetables',NULL,'Seed:Painted Mountain','COR-PM-pktw','FLOUR','CORN & GRAIN','CORN',155,2.0499999999999998223,'products\photos\155.jpg');
INSERT INTO products_product VALUES(57,'Amish Butter','Wonderful popper with golden kernals ','nan','Vegetables',NULL,'Seed:Amish Butter','COR-AB-pktw','POPPING','CORN & GRAIN','CORN',156,2.0499999999999998223,'products\photos\156.webp');
INSERT INTO products_product VALUES(58,'Dakota Black','6-7"glossy garnet-black ears on sturdy plants. Kernels pop pure white and delicious','2','Vegetables',NULL,'Seed:Dakota Black','COR-DB-pktw','POPPING','CORN & GRAIN','CORN',157,2.0499999999999998223,'products\photos\157.jpg');
INSERT INTO products_product VALUES(59,'Tuxana','Well bred and soulful with a compelling creaminess. Classic sweetness. White kernels.','1','Vegetables',NULL,'Seed:Tuxana','COR-TU-pktw','SWEET','CORN & GRAIN','CORN',158,2.0499999999999998223,'products\photos\158.jpg');
INSERT INTO products_product VALUES(60,'Vorgebirgstrauben','Very productive and tasty pickling cuke. Crisp texture and never bitter!','1','Vegetables',NULL,'Seed:Vorgebirgstrauben','CUC-VO-pktw','PICKLING','CUKE & MELON','CUCUMBER',159,2.0499999999999998223,'products\photos\159.webp');
INSERT INTO products_product VALUES(61,'Çengelköy','An old Istanbul market favorite, sweet and crisp. Pick 4-5” fruits. Persian type.','2','Vegetables',NULL,'Seed:Çengelköy','CUC-CE-pktw','','CUKE & MELON','CUCUMBER',160,2.0499999999999998223,'products\photos\160.webp');
INSERT INTO products_product VALUES(62,'Lemon','Vigorous plants, small round yellow fruits with an irresistible crunch. Kid favorite!','3','Vegetables',NULL,'Seed:Lemon','CUC-LE-pktw','','CUKE & MELON','CUCUMBER',161,2.0499999999999998223,'products\photos\161.webp');
INSERT INTO products_product VALUES(63,'Sandita','aka Mexican Sour gherkin. Unique fruits look like mini-watermelons w/a lightly pickled flavor','2','Vegetables',NULL,'Seed:Sandita','CUC-SA-pktw','','CUKE & MELON','CUCUMBER',162,2.0499999999999998223,'products\photos\162.webp');
INSERT INTO products_product VALUES(64,'Shintokiwa','Smooth skinned, long & slender like an English cuke. Crisp & juicy w/no bitterness. Favorite!','1','Vegetables',NULL,'Seed:Shintokiwa','CUC-SH-pktw','','CUKE & MELON','CUCUMBER',163,2.0499999999999998223,'products\photos\163.webp');
INSERT INTO products_product VALUES(65,'Silver Slicer','Pure white, slicer sized fruits with sweet, never bitter flavor. Compact and very productive.','3','Vegetables',NULL,'Seed:Silver Slicer','CUC-SS-pktw','','CUKE & MELON','CUCUMBER',164,2.0499999999999998223,'products\photos\164.webp');
INSERT INTO products_product VALUES(66,'Sweet Marketmore','High quality & productive with everything you love about long green slicing cukes!','3','Vegetables',NULL,'Seed:Sweet Marketmore','CUC-SM-pktw','','CUKE & MELON','CUCUMBER',165,2.0499999999999998223,'products\photos\165.jpg');
INSERT INTO products_product VALUES(67,'Diamond','Very prolific slender 8-12”non-bitter, creamy fruits. Perfect for cool-climate eggplant lovers!','1','Vegetables',NULL,'Seed:Pepper/Eggplant:Diamond','EGG-DI-pktw','','PEPPER & EGGPLANT','EGGPLANT',166,2.0499999999999998223,'products\photos\166.jpg');
INSERT INTO products_product VALUES(68,'Violetta di Firenze','Gorgeous purple & white Italian variety. Plump ruffled teardrop shape. Creamy & productive!','3','Vegetables',NULL,'nan','EGG-VI-pktw','','PEPPER & EGGPLANT','EGGPLANT',378,2.0499999999999998223,'products\photos\378.webp');
INSERT INTO products_product VALUES(69,'Finale','Trial winning OP selection with big, heavy bulbs. Excellent uniformity & bolt resistance.','1','Vegetables',NULL,'Seed:Finale','FEN-FI-pktw','FINOCCHIO','MISC','FENNEL',167,2.0499999999999998223,'products\photos\167.webp');
INSERT INTO products_product VALUES(70,'Suriname','Pick tender young greens for mixes or cook into a nourishing pot of callaloo. ','3','Vegetables',NULL,'Seed:Suriname','AMA-SU-pktw','AMARANTH/CALLALOO','GREENS','GREENS',168,2.0499999999999998223,'products\photos\168.webp');
INSERT INTO products_product VALUES(71,'Astro','Vigorous strain of this classic salad green. Less deeply lobed leaf & mildly spicy. Cut in 3 wks!','1','Vegetables',NULL,'Seed:Greens:Astro','GRE-AS-pktw','ARUGULA','GREENS','GREENS',169,2.0499999999999998223,'products\photos\169.jpg');
INSERT INTO products_product VALUES(72,'Rucola','aka "Sylvetta", cold tolerant, slower growing & spicier w/tight rosettes of deeply lobed leaves.','2','Vegetables',NULL,'Seed:Greens:Rucola','GRE-RU-pktw','ARUGULA','GREENS','GREENS',170,2.0499999999999998223,'products\photos\170.webp');
INSERT INTO products_product VALUES(73,'Wasabi Arugula','A green for lovers of wasabi! Same kind of nose-numbing spiciness, but in the form of small-leaved rosettes of arugula.','2','Vegetables',NULL,'nan','GRE-WA-pktw','ARUGULA','GREENS','GREENS',383,2.0499999999999998223,'products\photos\383.webp');
INSERT INTO products_product VALUES(74,'Early Mizuna','Mild & sweet early-late season Japanese mustard w/graceful fernlike leaves. Prolific!','2','Vegetables',NULL,'Seed:Greens:Early Mizuna','GRN-MZ-pktw','ASIAN','GREENS','GREENS',171,2.0499999999999998223,'products\photos\171.jpg');
INSERT INTO products_product VALUES(75,'Golden Frills','Finely cut, chartreuse leaves of mild spiciness add loft and a light kick to a salad.','3','Vegetables',NULL,'Seed:Greens:Golden Frills','GRN-GF-pktw','ASIAN','GREENS','GREENS',172,2.0499999999999998223,'products\photos\172.webp');
INSERT INTO products_product VALUES(76,'Ruby Streaks','A spicy little number w/delicate deeply lobed leaves and rich purple color.','2','Vegetables',NULL,'Seed:Greens:Ruby Streaks','GRE-RS-pktw','ASIAN','GREENS','GREENS',173,2.0499999999999998223,'products\photos\173.jpg');
INSERT INTO products_product VALUES(77,'Tatsoi','Very dark green rosettes of mild succulent leaves. Excellent raw or sautéed.','2','Vegetables',NULL,'Seed:Greens:Tatsoi','GRE-TA-pktw','ASIAN','GREENS','GREENS',174,2.0499999999999998223,'products\photos\174.webp');
INSERT INTO products_product VALUES(78,'Uprising Braising Mix','Colorful hearty mix of kales, bok choi, tat soi, chards, & ruby streaks. Grow from baby leaf to adult with equal success!','1','Vegetables',NULL,'Seed:Greens:Uprising Braising Mix','MIX-BR-pktw','BRAISING','GREENS','GREENS',175,2.0499999999999998223,'products\photos\175.jpg');
INSERT INTO products_product VALUES(79,'Wrinkled Crinkled Crumpled','Long stemmed greens with distinctive peppery pungency.','3','Vegetables',NULL,'Seed:Greens:Wrinkled Crinkled Crumpled','GRE-WC-pktw','CRESS','GREENS','GREENS',176,2.0499999999999998223,'products\photos\176.jpg');
INSERT INTO products_product VALUES(80,'Uprising Mild Mix','Gorgeous mix of lettuces, mild mustards, arugula, spinach, and specialty greens.','1','Vegetables',NULL,'Seed:Greens:Uprising Mild Mix','MIX-MI-pktw','MESCLUN','GREENS','GREENS',178,2.0499999999999998223,'products\photos\178.webp');
INSERT INTO products_product VALUES(81,'Uprising Spicy Mix','This mix packs a frisky heat with some spicier greens added to our classic mesclun mix.','1','Vegetables',NULL,'Seed:Greens:Uprising Spicy Mix','MIX-SP-pktw','MESCLUN','GREENS','GREENS',179,2.0499999999999998223,'products\photos\179.webp');
INSERT INTO products_product VALUES(82,'Green Wave','Slow to bolt upright plants w/succulent, frilled, spicy/sweet leaves. Excellent quality.','3','Vegetables',NULL,'Seed:Greens:Green Wave','GRN-GW-pktw','MUSTARD','GREENS','GREENS',180,2.0499999999999998223,'products\photos\180.jpg');
INSERT INTO products_product VALUES(83,'Broadleaf','Flavorful broadleaf succulent leaves for salads or soup. Milder taste than more finely cut types.','3','Vegetables',NULL,'Seed:Greens:Broadleaf','GRE-BC-pktw','SHUNGIKU','GREENS','GREENS',177,2.0499999999999998223,'products\photos\177.webp');
INSERT INTO products_product VALUES(84,'Blood Sorrel','Bright green leaves with deep red veins, and a lemony bite to excite in salads and as garnish.','3','Vegetables',NULL,'Seed:Blood Sorrel','GRE-BS-pktw','SORREL','GREENS','GREENS',181,2.0499999999999998223,'products\photos\181.webp');
INSERT INTO products_product VALUES(85,'Erba Stella (Minutina)','Delightful greens w/long, slender, antler like leaves, succulent quality and satisfying crunch.','2','Vegetables',NULL,'Seed:Greens:Erba Stella (Minutina)','GRE-ES-pktw','SPECIALTY','GREENS','GREENS',182,2.0499999999999998223,'products\photos\182.webp');
INSERT INTO products_product VALUES(86,'A Tale of Three Kales','An international soiree of Scotch, Tuscan, and Russian!','1','Vegetables',NULL,'Seed:Kale/Chard:A Tale of 3 Kales','KAL-3K-pktw','','BRASSICA','KALE',183,2.0499999999999998223,'products\photos\183.webp');
INSERT INTO products_product VALUES(87,'Black Tuscan','Long, narrow dark green savoyed leaves. Excellent flavor & vitamin rich.','nan','Vegetables',NULL,'Seed:Kale/Chard:Black Tuscan (Lacinato)','KAL-BL-pktw','','BRASSICA','KALE',184,2.0499999999999998223,'products/photos/default.jpg');
INSERT INTO products_product VALUES(88,'Dazzling Blue','Vigorous, cold hardy lacinato type with striking magenta midribs. Bred at Avoca Farm in OR.','1','Vegetables',NULL,'Seed:Kale/Chard:Dazzling Blue','KAL-DB-pktw','','BRASSICA','KALE',185,2.0499999999999998223,'products\photos\185.webp');
INSERT INTO products_product VALUES(89,'Dwarf Blue Scotch','Classic cold-hardy curly kale. Sturdy, compact plants w. tasty blue-green leaves.','1','Vegetables',NULL,'Seed:Kale/Chard:Dwarf Blue Scotch','KAL-DW-pktw','','BRASSICA','KALE',186,2.0499999999999998223,'products\photos\186.jpg');
INSERT INTO products_product VALUES(90,'Red Russian','Very tender, purple veined, oak leaved kale. Wonderful baby and adult leaves.','2','Vegetables',NULL,'Seed:Kale/Chard:Red Russian','KAL-RR-pktw','','BRASSICA','KALE',187,2.0499999999999998223,'products\photos\187.webp');
INSERT INTO products_product VALUES(91,'Russian Frills','Oregon-bred variation of Red Russian with hyper frilled leaves. Tender and beautiful.','2','Vegetables',NULL,'Seed:Kale/Chard:Russian Frills','KAL-RF-pktw','','BRASSICA','KALE',188,2.0499999999999998223,'products\photos\188.webp');
INSERT INTO products_product VALUES(92,'Lincoln','Long shanked, autumn harvested variety with fantastic flavor. Also popular for baby leeks.','nan','Vegetables',NULL,'Seed:Allium:Lincoln','LEE-LN-pktw','','ALLIUMS','LEEK',189,2.0499999999999998223,'products\photos\189.webp');
INSERT INTO products_product VALUES(93,'Neptune','Rust resistant fall crop with strong shanks and excellent flavor. Can overwinter in mild areas','2','Vegetables',NULL,'Seed:Allium:Neptune','LEE-NE-pktw','','ALLIUMS','LEEK',190,2.0499999999999998223,'products\photos\190.webp');
INSERT INTO products_product VALUES(94,'Winter Density','Bolt resistant & crunchy (!) 8"tall upright romaine w/tight dark green, succulent leaves.','nan','Vegetables',NULL,'Seed:Lettuce:Winter Density','LET-WD-pktw','BIBB/ROMAINE','LETTUCE','LETTUCE',191,2.0499999999999998223,'products\photos\191.webp');
INSERT INTO products_product VALUES(95,'Divina','Velvety green leaves, large sturdy heads, and buttery texture keep the superlatives rolling!','1','Vegetables',NULL,'Seed:Lettuce:Divina','LET-DV-pktw','BUTTERHEAD','LETTUCE','LETTUCE',192,2.0499999999999998223,'products\photos\192.jpg');
INSERT INTO products_product VALUES(96,'Scarlet Butter','Red tipped leaves wrap a green, blanched yellow head, soft and delicious.','nan','Vegetables',NULL,'Seed:Lettuce:Scarlet Butter','LET-SB-pktw','BUTTERHEAD','LETTUCE','LETTUCE',193,2.0499999999999998223,'products\photos\193.webp');
INSERT INTO products_product VALUES(97,'Tennis Ball','*Ark Of Taste * 7”plants produce miniature 4” heads. Halve & dress. Beautiful.','1','Vegetables',NULL,'Seed:Lettuce:Tennis Ball','LET-TB-pktw','BUTTERHEAD','LETTUCE','LETTUCE',194,2.0499999999999998223,'products\photos\194.webp');
INSERT INTO products_product VALUES(98,'Emerald Fan','Green deer-tongue type w. long slender baby leaves, & upright mature heads. Crisp midribs.','2','Vegetables',NULL,'Seed:Lettuce:Emerald Fan','LET-EM-pktw','LOOSELEAF','LETTUCE','LETTUCE',195,2.0499999999999998223,'products\photos\195.webp');
INSERT INTO products_product VALUES(99,'Hyper Red Rumpled Waved','Large dark burgundy heads w/deeply textured leaves perfect for holding delicious dressings!','1','Vegetables',NULL,'Seed:Lettuce:Hyper Red Rumpled Waved','LET-HR-pktw','LOOSELEAF','LETTUCE','LETTUCE',196,2.0499999999999998223,'products\photos\196.jpg');
INSERT INTO products_product VALUES(100,'La Brillante','Disease resistant powerhouse with icy-crisp, bright, chartreuse green leaves.','nan','Vegetables',NULL,'Seed:Lettuce:La Brillante','LET-LB-pktw','LOOSELEAF','LETTUCE','LETTUCE',197,2.0499999999999998223,'products\photos\197.webp');
INSERT INTO products_product VALUES(101,'Merlot','Deep burgundy from the tips of the leaves to the base of the stem. Slow to bolt. Stunning.','1','Vegetables',NULL,'Seed:Lettuce:Merlot','LET-ME-pktw','LOOSELEAF','LETTUCE','LETTUCE',198,2.0499999999999998223,'products\photos\198.jpg');
INSERT INTO products_product VALUES(102,'Royal Red','Rumpled & folded green leaves painted bright, joyful red to enliven your salads.','nan','Vegetables',NULL,'Seed:Lettuce:Royal Red','LET-RR-pktw','LOOSELEAF','LETTUCE','LETTUCE',199,2.0499999999999998223,'products\photos\199.webp');
INSERT INTO products_product VALUES(103,'Bijella','Red tinged, densely curled heads. Oakleaf-meets-butterhead tenderness','nan','Vegetables',NULL,'Seed:Lettuce:Bijella','LET-BI-pktw','OAKLEAF','LETTUCE','LETTUCE',200,2.0499999999999998223,'products\photos\200.webp');
INSERT INTO products_product VALUES(104,'Flashy Butter Oak','Striking combination of red speckling on apple green large frames. Excellent taste and texture.','2','Vegetables',NULL,'Seed:Lettuce:Flashy Butter Oak','LET-FB-pktw','OAKLEAF','LETTUCE','LETTUCE',201,2.0499999999999998223,'products\photos\201.jpg');
INSERT INTO products_product VALUES(105,'Italienischer','A truly magnificent lettuce of tremendous size! Slow to bolt, crispy and sweet.','2','Vegetables',NULL,'Seed:Lettuce:Italienischer','LET-IT-pktw','OAKLEAF','LETTUCE','LETTUCE',202,2.0499999999999998223,'products\photos\202.jpg');
INSERT INTO products_product VALUES(106,'Mascara','Gorgeous red oakleaf variety. Uniform, bolt resistant, and large!','nan','Vegetables',NULL,'Seed:Lettuce:Mascara','LET-MA-pktw','OAKLEAF','LETTUCE','LETTUCE',203,2.0499999999999998223,'products/photos/default.jpg');
INSERT INTO products_product VALUES(107,'Barnwood Gem','Tight heading mini butter/romaine, with crunchy, sweet, palm sized heads.','2','Vegetables',NULL,'Seed:Lettuce:Barnwood Gem','LET-BG-pktw','ROMAINE','LETTUCE','LETTUCE',204,2.0499999999999998223,'products\photos\204.webp');
INSERT INTO products_product VALUES(108,'Cimarron','Beautiful and huge upright bronze-red romaine. Tender leaves with crunchy midribs.','1','Vegetables',NULL,'Seed:Lettuce:Cimarron','LET-CI-pktw','ROMAINE','LETTUCE','LETTUCE',205,2.0499999999999998223,'products\photos\205.webp');
INSERT INTO products_product VALUES(109,'Eruption','A volcano of mini savoyed romaine! Dark red tips on green leaves with a pink magma core.','2','Vegetables',NULL,'Seed:Lettuce:Eruption','LET-ER-pktw','ROMAINE','LETTUCE','LETTUCE',206,2.0499999999999998223,'products\photos\206.webp');
INSERT INTO products_product VALUES(110,'Flashy Trout’s Back','Selection of an old Austrian variety. Very tender apple-green leaves w/red speckles.','1','Vegetables',NULL,'Seed:Lettuce:Flashy Trout''s Back','LET-FT-pktw','ROMAINE','LETTUCE','LETTUCE',207,2.0499999999999998223,'products\photos\207.jpg');
INSERT INTO products_product VALUES(111,'Jericho','Very large, luminescent chartreuse savoyed leaves bred to excel in summer heat.','1','Vegetables',NULL,'Seed:Lettuce:Jericho','Let-JE-pktw','ROMAINE','LETTUCE','LETTUCE',208,2.0499999999999998223,'products\photos\208.jpg');
INSERT INTO products_product VALUES(112,'Little Gem','Adorable palm-sized heads of dense, crunchy romaine. Great for wedge salads!','1','Vegetables',NULL,'nan','LET-LG-pktw','ROMAINE','LETTUCE','LETTUCE',375,2.0499999999999998223,'products\photos\375.webp');
INSERT INTO products_product VALUES(113,'Uprising Lettuce Mix','Colorful mix of all our lettuce varieties including some not yet released','1','Vegetables',NULL,'Seed:Lettuce:Uprising Lettuce Mix','LET-MX-pktw','UPRISING','LETTUCE','LETTUCE',209,2.0499999999999998223,'products\photos\209.jpg');
INSERT INTO products_product VALUES(114,'Blacktail Mountain','Icebox sized, 4-8lbs, very early and very sweet w/few seeds. Delicious & refreshing!','2','Vegetables',NULL,'Seed:Blacktail Mountain','WAT-BM-pktw','WATERMELON','CUKE & MELON','MELON',210,2.0499999999999998223,'products\photos\210.webp');
INSERT INTO products_product VALUES(115,'Janosik','Early maturing Polish variety with crisp yellow flesh and wonderful sweet flavor!','2','Vegetables',NULL,'Seed:Janosik','WAT-JK-pktw','WATERMELON','CUKE & MELON','MELON',211,2.0499999999999998223,'products\photos\211.webp');
INSERT INTO products_product VALUES(116,'Eel River','3-5 lb teardrop shaped w/aromatic,very creamy, sweet flesh.','2','Vegetables',NULL,'Seed:Eel River','MEL-ER-pktw','','CUKE & MELON','MELON',212,2.0499999999999998223,'products\photos\212.webp');
INSERT INTO products_product VALUES(117,'Giallo D’Inverno','Yellow football shaped fruits w/sweet flavor reminiscent of honeydew. Very productive.','nan','Vegetables',NULL,'Seed:Giallo D''Inverno','MEL-GI-pktw','','CUKE & MELON','MELON',213,2.0499999999999998223,'products\photos\213.webp');
INSERT INTO products_product VALUES(118,'Prescott Fond Blanc','Drought resistant true cantaloupe w/ethereal, intoxicating fragrance and flesh.','2','Vegetables',NULL,'Seed:Prescott Fond Blanc','MEL-PF-pktw','','CUKE & MELON','MELON',214,2.0499999999999998223,'products\photos\214.jpg');
INSERT INTO products_product VALUES(119,'Sakata Sweet','Grapefruit sized w/ delicious honeydew-esque light green flesh. Stores well in fridge.','nan','Vegetables',NULL,'Seed:Sakata Sweet','MEL-SS-pktw','','CUKE & MELON','MELON',215,2.0499999999999998223,'products/photos/default.jpg');
INSERT INTO products_product VALUES(120,'Ishikura Long Winter','Classic Japanese winter-hardy bunching onion. Long white stalks and sturdy upright leaves.','nan','Vegetables',NULL,'Seed:Ishikura Long Winter','ONI-IS-pktw','SCALLION','ALLIUMS','ONION',216,2.0499999999999998223,'products\photos\216.webp');
INSERT INTO products_product VALUES(121,'Ed''s Red','Large, productive copper-red Dutch style. Out-stores even the best storage onions! ','2','Vegetables',NULL,'Seed:Allium:Ed''s Red','ONI-ER-pktw','SHALLOT','ALLIUMS','ONION',217,2.0499999999999998223,'products\photos\217.jpg');
INSERT INTO products_product VALUES(122,'Rijnsburg 5','Dutch-bred yellow onion. Large, round, dense globes store great & taste wonderful.','2','Vegetables',NULL,'nan','ONI-RJ-pktw','STORAGE','ALLIUMS','ONION',376,2.0499999999999998223,'products\photos\376.webp');
INSERT INTO products_product VALUES(123,'Rossa di Milano','Unique flat-topped, northern Italian variety. Truly exceptional flavor & excellent keeper.','2','Vegetables',NULL,'Seed:Allium:Rossa di Milano','ONI-RM-pktw','STORAGE','ALLIUMS','ONION',218,2.0499999999999998223,'products\photos\218.jpg');
INSERT INTO products_product VALUES(124,'Ailsa Craig','Enormous (to 3lb!) globe shaped sweet onions. Better storage than most sweets.','1','Vegetables',NULL,'Seed:Allium:Ailsa Craig','ONI-AC-pktw','SWEET','ALLIUMS','ONION',219,2.0499999999999998223,'products\photos\219.webp');
INSERT INTO products_product VALUES(125,'Red Long of Tropea','Dramatic elongated shape & sweet wine red flesh. Roast! Grill! Eat fresh!','nan','Vegetables',NULL,'Seed:Allium:Red Long of Tropea','ONI-RL-pktw','','ALLIUMS','ONION',220,2.0499999999999998223,'products\photos\220.webp');
INSERT INTO products_product VALUES(126,'Lancer','One of the best OP cultivars available. Selected for smooth, straight roots & canker resistance.','nan','Vegetables',NULL,'Seed:Lancer','PAR-LA-pktw','','MISC','PARSNIP',221,2.0499999999999998223,'products/photos/default.jpg');
INSERT INTO products_product VALUES(127,'Roveja','*Ark Of Taste* Multicolor Umbrian dry pea eaten in soups and ground for polenta.','3','Vegetables',NULL,'Seed:Pea:Roveja','PEA-RV-pktw','DRY/SOUP','PEA','PEA',222,2.0499999999999998223,'products\photos\222.webp');
INSERT INTO products_product VALUES(128,'Maestro','Sweet & productive w. 10 peas/pod! Excellent enation and powdery mildew resistance. 2’ tall','1','Vegetables',NULL,'Seed:Pea:Maestro','PEA-MA-pktw','SHELLING','PEA','PEA',223,2.0499999999999998223,'products\photos\223.webp');
INSERT INTO products_product VALUES(129,'Cascadia','Medium climber to 3.5’. Prolific bearer of fat and superbly sweet pods.','1','Vegetables',NULL,'Seed:Pea:Cascadia','PEA-CA-pktw','SNAP','PEA','PEA',224,2.0499999999999998223,'products\photos\224.jpg');
INSERT INTO products_product VALUES(130,'Sugar Snap','Reigns supreme as the sweetest most flavorful pea! Vigorous 5-6’ vines require staking.','1','Vegetables',NULL,'Seed:Pea:Sugar Snap','PEA-SS-pktw','SNAP/CLIMBING','PEA','PEA',225,2.0499999999999998223,'products\photos\225.webp');
INSERT INTO products_product VALUES(131,'Sugar Ann','Extra-early snap peas on 18-24"vines that don’t require staking. Excellent sweet eating!','1','Vegetables',NULL,'Seed:Pea:Sugar Ann','PEA-SA-pktw','SNAP/DWARF','PEA','PEA',226,2.0499999999999998223,'products\photos\226.webp');
INSERT INTO products_product VALUES(132,'Golden Sweet','Unique variety collected in India. 5-6’ with purple flowers & sweet golden pods.','2','Vegetables',NULL,'Seed:Pea:Golden Sweet','PEA-GS-pktw','SNOW','PEA','PEA',227,2.0499999999999998223,'products\photos\227.webp');
INSERT INTO products_product VALUES(133,'Ho Lan Dow','Dwarf 2.5’ vines yield early and prolifically. Excellent flavor and disease resistance.','1','Vegetables',NULL,'Seed:Pea:Ho Lan Dow','PEA-HL-pktw','SNOW','PEA','PEA',228,2.0499999999999998223,'products\photos\228.jpg');
INSERT INTO products_product VALUES(134,'Schweizer Riesen','6’vines of productive, tender, and sweet peas. Lovely bi-color purple/pink blooms.','nan','Vegetables',NULL,'Seed:Pea:Schweizer Riesen','PEA-SR-pktw','SNOW','PEA','PEA',229,2.0499999999999998223,'products\photos\229.jpg');
INSERT INTO products_product VALUES(135,'Basque','Treasured med-hot chili of the Basque region known locally as “Espelette”. Robust flavor!','2','Vegetables',NULL,'Seed:Pepper/Eggplant:Basque (Espalette)','PEP-BA-pktw','HOT','PEPPER & EGGPLANT','PEPPER',230,2.0499999999999998223,'products\photos\230.webp');
INSERT INTO products_product VALUES(136,'Pimiento di Padron','Pick these smoky little numbers young! Blister in olive oil, sprinkle w/salt, eat. Repeat.','1','Vegetables',NULL,'Seed:Pepper/Eggplant:Pimiento de Padron','PEP-PA-pktw','HOT','PEPPER & EGGPLANT','PEPPER',231,2.0499999999999998223,'products\photos\231.webp');
INSERT INTO products_product VALUES(137,'Sarit Gat','Beautiful and productive long yellow chile originally from Kosovo. Cayenne size & heat','2','Vegetables',NULL,'Seed:Pepper/Eggplant:Sarit Gat','PEP-SG-pktw','HOT','PEPPER & EGGPLANT','PEPPER',232,2.0499999999999998223,'products\photos\232.webp');
INSERT INTO products_product VALUES(138,'Biquinho Red','Highly productive marble-sized Brazilian pepper with pointed ends and captivating flavor. Sweet & vegetal with a hint of spice.','3','Vegetables',NULL,'nan','PEP-BR-pktw','HOT/SWEET','PEPPER & EGGPLANT','PEPPER',377,2.0499999999999998223,'products\photos\377.webp');
INSERT INTO products_product VALUES(139,'Elephant Ears','Huge, thick walled peppers w/pointed tips & sweet, rich flavor. Traditional Serbian variety.','2','Vegetables',NULL,'Seed:Pepper/Eggplant:Elephant Ears','PEP-EE-pktw','SWEET','PEPPER & EGGPLANT','PEPPER',233,2.0499999999999998223,'products\photos\233.webp');
INSERT INTO products_product VALUES(140,'Jimmy Nardello','*Ark Of Taste* Very sweet, reliable, early maturing, long red Italian frying peppers.','1','Vegetables',NULL,'Seed:Pepper/Eggplant:Jimmy Nardello','PEP-JN-pktw','SWEET','PEPPER & EGGPLANT','PEPPER',234,2.0499999999999998223,'products\photos\234.webp');
INSERT INTO products_product VALUES(141,'Marta Polka','Sweet, bright yellow, popular Polish bell-type w/thick-walled fruits on sturdy upright plants.','3','Vegetables',NULL,'Seed:Pepper/Eggplant:Marta Polka','PEP-MP-pktw','SWEET','PEPPER & EGGPLANT','PEPPER',235,2.0499999999999998223,'products\photos\235.webp');
INSERT INTO products_product VALUES(142,'Petit Marseillais','Wavy, orange, thin-walled peppers w/ exceptional flavor from Provence. Pickle em!','3','Vegetables',NULL,'Seed:Pepper/Eggplant:Petit Marseillais','PEP-PM-pktw','SWEET','PEPPER & EGGPLANT','PEPPER',236,2.0499999999999998223,'products\photos\236.webp');
INSERT INTO products_product VALUES(143,'Long Pie','Bright orange, cylindrical fruits w/fine textured flesh. Highly productive vines, so get baking!','nan','Vegetables',NULL,'Seed:Squash:Long Pie','PUM-LP-pktw','PIE','SQUASH','PUMPKIN',237,2.0499999999999998223,'products/photos/default.jpg');
INSERT INTO products_product VALUES(144,'Winter Luxury','Vigorous and productive vines w/3-4 med. fruits each. Rich, sweet flesh. P.I.E.!','2','Vegetables',NULL,'Seed:Squash:Winter Luxury','PUM-WL-pktw','PIE','SQUASH','PUMPKIN',238,2.0499999999999998223,'products\photos\238.jpg');
INSERT INTO products_product VALUES(145,'French Breakfast','Beautiful oblong roots, 2/3 red w/a white tip. Mild and very quick to grow.','1','Vegetables',NULL,'Seed:French Breakfast','RAD-FB-pktw','','MISC','RADISH',239,2.0499999999999998223,'products\photos\239.webp');
INSERT INTO products_product VALUES(146,'Sora','A classic look done well. Uniform round red roots of superior quality even to large size.','1','Vegetables',NULL,'Seed:Sora','RAD-SO-pktw','','MISC','RADISH',240,2.0499999999999998223,'products\photos\240.webp');
INSERT INTO products_product VALUES(147,'Beaujolais','Striking red veined spinach with a mild sweet flavor & buttery tenderness. Best as baby leaf.','3','Vegetables',NULL,'Seed:Greens:Beaujolais','SPI-BE-pktw','','GREENS','SPINACH',241,2.0499999999999998223,'products\photos\241.jpg');
INSERT INTO products_product VALUES(148,'Winter Bloomsdale','Outstanding savoy leafed strain. Excellent year round & adapted to over-winter conditions.','1','Vegetables',NULL,'Seed:Greens:Winter Bloomsdale','SPI-WB-pktw','','GREENS','SPINACH',242,2.0499999999999998223,'products\photos\242.jpg');
INSERT INTO products_product VALUES(149,'Winter Giant','Excellent and cold hardy smooth-leaf variety. Tender leaves grow exceptionally large.','1','Vegetables',NULL,'Seed:Greens:Winter Giant','SPI-WG-pktw','','GREENS','SPINACH',243,2.0499999999999998223,'products\photos\243.webp');
INSERT INTO products_product VALUES(150,'Odessa','From Ukraine, a “cousa” type squash w/thin pale green skin and impossibly creamy flesh.','1','Vegetables',NULL,'Seed:Squash:Odessa','SQU-OD-pktw','SUMMER','SQUASH','SQUASH',244,2.0499999999999998223,'products\photos\244.webp');
INSERT INTO products_product VALUES(151,'Yellow Crookneck','A summer classic. Prolific, deliciously buttery, bright yellow fruits.','1','Vegetables',NULL,'Seed:Squash:Yellow Crookneck','SQU-YC-pktw','SUMMER','SQUASH','SQUASH',245,2.0499999999999998223,'products\photos\245.webp');
INSERT INTO products_product VALUES(152,'Costata Romanesco','Light green Italian variety w/prominent ribbing & unparalleled flavor. Large vines & flowers.','1','Vegetables',NULL,'Seed:Squash:Costata Romanesco','ZUC-CR-pktw','SUMMER/ZUCCHINI','SQUASH','SQUASH',246,2.0499999999999998223,'products\photos\246.jpg');
INSERT INTO products_product VALUES(153,'Dark Star','A new standard for open-pollinated zukes. Very refined, uniform, dark green angular fruits','3','Vegetables',NULL,'Seed:Squash:Dark Star','ZUC-DS-pktw','SUMMER/ZUCCHINI','SQUASH','SQUASH',247,2.0499999999999998223,'products\photos\247.webp');
INSERT INTO products_product VALUES(154,'Bitterroot Buttercup','Montana bred, early buttercup variety. Flakey, nutty flesh. Excellent storage and very reliable.','nan','Vegetables',NULL,'Seed:Squash:Bitterroot Buttercup','SQU-BI-pktw','WINTER','SQUASH','SQUASH',248,2.0499999999999998223,'products\photos\248.jpg');
INSERT INTO products_product VALUES(155,'Black Forest Kabocha','Lovely flakey texture and rich nutty deliciousness! Med. vines produce 3-4 squash.','3','Vegetables',NULL,'Seed:Squash:Black Forest Kabocha','SQU-BF-pktw','WINTER','SQUASH','SQUASH',249,2.0499999999999998223,'products\photos\249.jpg');
INSERT INTO products_product VALUES(156,'Black Futsu','2-3# heavily ribbed fruits ripen from dark green to chestnut, with fine texture & fruity flavor.','1','Vegetables',NULL,'Seed:Squash:Black Futsu','SQU-FU-pktw','WINTER','SQUASH','SQUASH',250,2.0499999999999998223,'products\photos\250.webp');
INSERT INTO products_product VALUES(157,'Burpee’s Butterbush','Early maturing bush butternut variety. Medium 2-4 lb fruit w/tiny seed cavities. Delish!','1','Vegetables',NULL,'Seed:Squash:Burpee''s Butterbush','SQU-BB-pktw','WINTER','SQUASH','SQUASH',251,2.0499999999999998223,'products\photos\251.webp');
INSERT INTO products_product VALUES(158,'Sweet Meat','Sweet, thick, dry flesh makes for excellent eating. Vigorous vines. Long keeper.','2','Vegetables',NULL,'Seed:Squash:Oregon Homestead Sweet Meat','SQU-SM-pktw','WINTER','SQUASH','SQUASH',252,2.0499999999999998223,'products\photos\252.jpg');
INSERT INTO products_product VALUES(159,'Zeppelin Delicata','Very popular, sweet and creamy. 1 lb squashes are perfect to roast and share between two.','1','Vegetables',NULL,'Seed:Squash:Zeppelin Delicata','SQU-ZE-pktw','WINTER','SQUASH','SQUASH',253,2.0499999999999998223,'products\photos\253.webp');
INSERT INTO products_product VALUES(160,'Zucca Mantovana','Slate blue turban-shaped winter squash from northern Italy. 5-8lb fruits with rich flesh esp good for roasting & filling pastas.','2','Vegetables',NULL,'nan','SQU-ZM-pktw','WINTER','SQUASH','SQUASH',379,2.0499999999999998223,'products\photos\379.webp');
INSERT INTO products_product VALUES(161,'De Milpa','Husked tomato relative famous for making salsa verde. Sprawling bushy plants w/purple fruits.','2','Vegetables',NULL,'Seed:Tomato:De Milpa','TGC-dm-pktw','','MISC','TOMATILLO',254,2.0499999999999998223,'products\photos\254.webp');
INSERT INTO products_product VALUES(162,'Black Cherry','Outrageously good & fruitful chestnut-red cherry w/deep, sweet, complex flavor. Indet.','1','Vegetables',NULL,'Seed:Tomato:Black Cherry','TOM-BC-pktw','CHERRY','TOMATO','TOMATO',255,2.0499999999999998223,'products\photos\255.webp');
INSERT INTO products_product VALUES(163,'Blush','Fabulously sweet & fruity flavor, gorgeous red marbled skin, & elongated fruits!  Indet.','3','Vegetables',NULL,'Seed:Tomato:Blush','TOM-BL-pktw','CHERRY','TOMATO','TOMATO',256,2.0499999999999998223,'products\photos\256.webp');
INSERT INTO products_product VALUES(164,'Pinky','Huge trusses of pink cherries w/rich summertime flavor! Our favorite. Indet.','1','Vegetables',NULL,'Seed:Tomato:Pinky','TOM-PI-pktw','CHERRY','TOMATO','TOMATO',257,2.0499999999999998223,'products\photos\257.webp');
INSERT INTO products_product VALUES(165,'Sweet Orange II','Tons of very sweet, fruity & delicious orange cherries w/a long harvest period. Yum! Indet.','1','Vegetables',NULL,'Seed:Tomato:Sweet Orange II','TOM-SO-pktw','CHERRY','TOMATO','TOMATO',258,2.0499999999999998223,'products\photos\258.webp');
INSERT INTO products_product VALUES(166,'Afghan','Ruffled orange 3-5oz beauties w/blushed red blossom end. Early, tasty & productive! Indet.','2','Vegetables',NULL,'Seed:Tomato:Afghan','TOM-AF-pktw','SALADETTE','TOMATO','TOMATO',259,2.0499999999999998223,'products\photos\259.webp');
INSERT INTO products_product VALUES(167,'Jaune Flamme','Wonderfully reliable, productive tomato! 4-5oz orange fruits. Bright juicy flavor. Indet.','2','Vegetables',NULL,'Seed:Tomato:Jaune Flamme','TOM-JF-pktw','SALADETTE','TOMATO','TOMATO',260,2.0499999999999998223,'products\photos\260.webp');
INSERT INTO products_product VALUES(168,'Latah','We challenge you to find an earlier tomato! 2’plants bear 2-4oz fruit w/real flavor. Det.','2','Vegetables',NULL,'Seed:Tomato:Latah','TOM-LA-pktw','SALADETTE','TOMATO','TOMATO',261,2.0499999999999998223,'products\photos\261.webp');
INSERT INTO products_product VALUES(169,'Matina','Fantastically flawless early sets of 4-6oz delicious fruit with balanced flavor. Indet.','1','Vegetables',NULL,'Seed:Tomato:Matina','TOM-MA-pktw','SALADETTE','TOMATO','TOMATO',262,2.0499999999999998223,'products\photos\262.webp');
INSERT INTO products_product VALUES(170,'Stupice','Very early, productive & reliable 3-4oz fruits w/ideal balance of sweet/acid. 4’ Indet. vines.','1','Vegetables',NULL,'Seed:Tomato:Stupice','TOM-ST-pktw','SALADETTE','TOMATO','TOMATO',263,2.0499999999999998223,'products\photos\263.webp');
INSERT INTO products_product VALUES(171,'Black Prince','Garnet red w/ chesnut shoulders and a lingering fruity richness. Excellent. Indet.','2','Vegetables',NULL,'Seed:Tomato:Black Prince','TOM-BP-pktw','SLICER','TOMATO','TOMATO',264,2.0499999999999998223,'products\photos\264.webp');
INSERT INTO products_product VALUES(172,'Nepal','Fantastic & early mid-season slicer w/ heavy, crack resistant 1/2lb fruit set. Indeter.','2','Vegetables',NULL,'Seed:Tomato:Nepal','TOM-NE-pktw','SLICER','TOMATO','TOMATO',265,2.0499999999999998223,'products\photos\265.webp');
INSERT INTO products_product VALUES(173,'Cuor di Bue Albenga','Delectable 12-16oz red ruffled oxheart type roaster/saucer/slicer from NW Italy. Indet.','1','Vegetables',NULL,'Seed:Tomato:Cuor di Bue Albenga','TOM-AL-pktw','SLICER/SAUCER','TOMATO','TOMATO',266,2.0499999999999998223,'products\photos\266.webp');
INSERT INTO products_product VALUES(174,'Anise Hyssop','Sweet smelling beneficial insect attracting 3-4’ plant with purple blooms.','1','Herbs',NULL,'Seed:Flower:Anise Hyssop','HER-AH-pktw','','HERBS','ANISE HYSSOP',283,2.0499999999999998223,'products\photos\283.webp');
INSERT INTO products_product VALUES(175,'Italian Large Leaf','Large, lovely Genovese-type basil. Tender and sweetly fragrant leaves. Make pesto!','1','Herbs',NULL,'Seed:Italian Large Leaf','HER-IL-pktw','','HERBS','BASIL',267,2.0499999999999998223,'products\photos\267.webp');
INSERT INTO products_product VALUES(176,'German Chamomile','Cheerful small daisy-like blooms atop ferny foliage. Intoxicating scent; traditionally used for calming/digestive teas.','1','Herbs',NULL,'nan','HER-GC-pktw','GERMAN','HERBS','CHAMOMILE',382,2.0499999999999998223,'products\photos\382.webp');
INSERT INTO products_product VALUES(177,'Pokey Joe','The best tasting variety of cilantro we know of. Excellent growth, slow to bolt.','1','Herbs',NULL,'Seed:Pokey Joe','HER-PJ-pktw','','HERBS','CILANTRO',268,2.0499999999999998223,'products\photos\268.webp');
INSERT INTO products_product VALUES(178,'Goldkrone','Slow to bolt variety excellent for fresh leaf & seed head production. Stunning in bouquets!','2','Herbs',NULL,'Seed:Goldkrone','HER-GK-pktw','','HERBS','DILL',269,2.0499999999999998223,'products\photos\269.webp');
INSERT INTO products_product VALUES(179,'Echinacea purpurea','Native to N. American prairies, 3’ purple, daisy-like flowers. Immune booster.','2','Herbs',NULL,'Seed:Flower:Echinacea Purpurea','HER-EC-pktw','PURPUREA','HERBS','ECHINACEA',303,2.0499999999999998223,'products\photos\303.webp');
INSERT INTO products_product VALUES(180,'Hyssop','Perennial herb with deep violet flowers. Make tea and cough syrup w .aerial parts to treat colds, sore throats, flu…','2','Herbs',NULL,'Seed:Flower:Hyssop','HER-HY-pktw','','HERBS','HYSSOP',270,2.0499999999999998223,'products\photos\270.webp');
INSERT INTO products_product VALUES(181,'Mexican Tarragon','Lovely tarragon/anise flavor and aroma, eat both leaves and vibrant yellow flowers.','2','Herbs',NULL,'Seed:Mexican Tarragon','HER-MT-pktw','','HERBS','MARIGOLD',321,2.0499999999999998223,'products\photos\321.webp');
INSERT INTO products_product VALUES(182,'Mentuccia Romana','Sprawling Italian culinary herb with a flavor akin to oregano, marjoram and mint.','3','Herbs',NULL,'Seed:Mentuccia Romana','HER-MEN-pktw','','HERBS','NEPITELLA',271,2.0499999999999998223,'products\photos\271.webp');
INSERT INTO products_product VALUES(183,'Mersin','Aromatic and floral w/a touch of celery seed pungency. Delicate fernlike stems. A favorite!','2','Herbs',NULL,'Seed:Mersin','HER-MP-pktw','FLATLEAF','HERBS','PARSLEY',272,2.0499999999999998223,'products\photos\272.webp');
INSERT INTO products_product VALUES(184,'Sculpit (Stridolo)','Rare aromatic leaf-herb from N. Italy. Very ornamental white fringed balloon flowers.','2','Herbs',NULL,'Seed:Sculpit (Stridolo)','HER-SC-pktw','','HERBS','SCULPIT',273,2.0499999999999998223,'products\photos\273.webp');
INSERT INTO products_product VALUES(185,'Blue Fenugreek','European species of Fenugreek w/a strong maple aroma, mild flavor, excellent on pizza.','3','Herbs',NULL,'Seed:Blue Fenugreek','HER-BF-pktw','','HERBS','TRIGONELLA',274,2.0499999999999998223,'products\photos\274.webp');
INSERT INTO products_product VALUES(186,'Tulsi (Sacred Basil)','India’s "Queen of Herbs". Immune boosting tonic herb in the Ayurvedic tradition. Very aromatic & attractive to bees. Lovely for tea','1','Herbs',NULL,'Seed:Tulsi (Sacred Basil)','HER-TU-pktw','SACRED BASIL','HERBS','TULSI',275,2.0499999999999998223,'products\photos\275.webp');
INSERT INTO products_product VALUES(187,'Common Mullein','Beautiful wooly rosettes of silver/green leaves with 6+’ spikes of yellow flowers in second year.','nan','Herbs',NULL,'Seed:Flower:Common Mullein','HER-CM-pktw','','HERBS','VERBASCUM',276,2.0499999999999998223,'products/photos/default.jpg');
INSERT INTO products_product VALUES(188,'Amaranth Mix','Oh how the birds will love you! Love Lies Bleeding, Coral Fountain, Opopeo, Hot Biscuits','nan','Flowers',NULL,'Seed:Flower:Amaranth Mix','AMA-MIX-pktw','','FLOWERS','AMARANTH',277,2.0499999999999998223,'products/photos/default.jpg');
INSERT INTO products_product VALUES(189,'Coral Fountains','Long cascades of coral-pink on sturdy, branching, 4’ plants. Beautiful cut flower.','2','Flowers',NULL,'Seed:Flower:Coral Fountains','AMA-CF-pktw','','FLOWERS','AMARANTH',278,2.0499999999999998223,'products\photos\278.webp');
INSERT INTO products_product VALUES(190,'Elephant Head','Stately 4.5-5’ tall plants bloom in dense, towering burgundy spires. Sensational!','F','Flowers',NULL,'Seed:Flower:Elephant Head','AMA-EH-pktw','','FLOWERS','AMARANTH',279,2.0499999999999998223,'products\photos\279.webp');
INSERT INTO products_product VALUES(191,'Hot Biscuits','Warm, golden orange branching plumes stand upright to 4’. Cut flower. Edible seeds.','2','Flowers',NULL,'Seed:Flower:Hot Biscuits','AMA-HB-pktw','','FLOWERS','AMARANTH',280,2.0499999999999998223,'products\photos\280.webp');
INSERT INTO products_product VALUES(192,'Love Lies Bleeding','Lovely 3-4’ plants w/ long trailing burgundy blooms. Dramatic cut flower.','1','Flowers',NULL,'Seed:Flower:Love Lies Bleeding','AMA-LL-pktw','','FLOWERS','AMARANTH',281,2.0499999999999998223,'products\photos\281.webp');
INSERT INTO products_product VALUES(193,'Opopeo','Striking upright burgundy plumes to 6’. Edible leaves & good seed producer.','F','Flowers',NULL,'Seed:Flower:Opopeo','AMA-OP-pktw','','FLOWERS','AMARANTH',282,2.0499999999999998223,'products\photos\282.webp');
INSERT INTO products_product VALUES(194,'Hot Pants','Hot pink blooms with long slender petals. Blooms open in a spiral zortex of petals.','2','Flowers',NULL,'Seed:Flower:Hot Pants','AST-HP-pktw','CHINA','FLOWERS','ASTER',284,2.0499999999999998223,'products\photos\284.webp');
INSERT INTO products_product VALUES(195,'Tower Chamois','Breathtaking. Densely prolific salmon/pink blooms with long stems for cutting.','F','Flowers',NULL,'Seed:Flower:Tower Chamois','AST-TC-pktw','CHINA','FLOWERS','ASTER',285,2.0499999999999998223,'products\photos\285.webp');
INSERT INTO products_product VALUES(196,'Tower Silver','Lovely puffy blooms with white centers and lilac tips. Tall & prolific!','2','Flowers',NULL,'nan','AST-TS-pktw','CHINA','FLOWERS','ASTER',380,2.0499999999999998223,'products\photos\380.webp');
INSERT INTO products_product VALUES(197,'Black Ball','Stunning dark-garnet edible blooms w/ silvery foliage. 3-4’ bushy plants. Great cut flower.','1','Flowers',NULL,'Seed:Flower:Black Ball','BAB-BB-pktw','','FLOWERS','BACHELOR’S BUTTON',286,2.0499999999999998223,'products\photos\286.webp');
INSERT INTO products_product VALUES(198,'Florist Blue Boy','Cheerful icy-blue, edible flowers on 2-3’ plants. Excellent in bouquets/rich color when dry.','2','Flowers',NULL,'Seed:Flower:Florist Blue Boy','BAB-FB-pktw','','FLOWERS','BACHELOR’S BUTTON',287,2.0499999999999998223,'products\photos\287.webp');
INSERT INTO products_product VALUES(199,'Aloha Blanca','Latticework buds followed by creamy white blossoms opening to large wooly blooms. 5-7’!','2','Flowers',NULL,'Seed:Flower:Aloha Blanca','BFL-AB-pktw','','FLOWERS','BASKET FLOWER',288,2.0499999999999998223,'products\photos\288.webp');
INSERT INTO products_product VALUES(200,'Borage','Edible young leaves & shooting star shaped blue flowers w/mild cucumber taste Loved by the bees. 2-3’','1','Flowers',NULL,'Seed:Flower:Borage','FLO-BO-pktw','','FLOWERS','BORAGE',289,2.0499999999999998223,'products\photos\289.webp');
INSERT INTO products_product VALUES(201,'Calendula Mix','It’s difficult to be grumpy in a patch of calendula! Oranges, yellows, whites and flashback types for good cheer every day.','1','Flowers',NULL,'Seed:Flower:Calendula Mix','CAL-MIX-pktw','','FLOWERS','CALENDULA',291,2.0499999999999998223,'products\photos\291.webp');
INSERT INTO products_product VALUES(202,'Zeolights','Huge fully doubled pale colored blooms w/red streaks on the petal undersides. Very elegant.','2','Flowers',NULL,'Seed:Flower:Zeolights','CAL-ZE-pktw','','FLOWERS','CALENDULA',290,2.0499999999999998223,'products\photos\290.webp');
INSERT INTO products_product VALUES(203,'Ruby Parfait','Masses of feathery magenta plumes on strong stems. Excellent cut flower for bouquets.','2','Flowers',NULL,'Seed:Flower:Ruby Parfait','CEL-RP-pktw','','FLOWERS','CELOSIA',292,2.0499999999999998223,'products\photos\292.webp');
INSERT INTO products_product VALUES(204,'Supercrest and Friends','Genetic mix of mostly fan type celosias in range of colors from cream to orange, bronze and pink.','2','Flowers',NULL,'Seed:Flower:Supercrest and Friends','CEL-SC-pktw','','FLOWERS','CELOSIA',293,2.0499999999999998223,'products\photos\293.webp');
INSERT INTO products_product VALUES(205,'Pride of Gibraltar','Breathtaking purple tipped leaves, cascading bracts of purple flowers. Smitten bees, birds...','nan','Flowers',NULL,'Seed:Flower:Pride of Gibraltar','CER-PG-pktw','','FLOWERS','CERINTHE',294,2.0499999999999998223,'products\photos\294.webp');
INSERT INTO products_product VALUES(206,'Violet Queen','Grows 4-6’ tall w/showy purple blooms. Beckons both bees and hummingbirds.','nan','Flowers',NULL,'Seed:Flower:Violet Queen','CLE-VQ-pktw','','FLOWERS','CLEOME',295,2.0499999999999998223,'products/photos/default.jpg');
INSERT INTO products_product VALUES(207,'Black Barlow','Deep, dark and moody cut flower with graceful double blooms. Flowers in second year.','nan','Flowers',NULL,'Seed:Flower:Black Barlow','CLB-BL-pktw','','FLOWERS','COLUMBINE',296,2.0499999999999998223,'products\photos\296.webp');
INSERT INTO products_product VALUES(208,'Bordeaux Barlow','Elegant, deep claret doubled ‘spur-less’ blooms on airy stems. Flowers spring of second year.','2','Flowers',NULL,'Seed:Flower:Bordeaux Barlow','CLB-BB-pktw','','FLOWERS','COLUMBINE',297,2.0499999999999998223,'products\photos\297.webp');
INSERT INTO products_product VALUES(209,'Roulette','Carefree and airy 3’x3’ plants w/sprays of two toned mahogany red and gold petals.','1','Flowers',NULL,'Seed:Flower:Roulette','COR-RO-pktw','','FLOWERS','COREOPSIS',298,2.0499999999999998223,'products\photos\298.webp');
INSERT INTO products_product VALUES(210,'Diablo','Showcase of vivid scarlet/orange semi-double blooms atop 3+’plants. Striking!','2','Flowers',NULL,'Seed:Flower:Diablo','COS-DI-pktw','','FLOWERS','COSMOS',299,2.0499999999999998223,'products\photos\299.webp');
INSERT INTO products_product VALUES(211,'Snow Puff','Spectacular 3-4’ tall/wide plants covered with a dense carpet of semi to double white blooms!','1','Flowers',NULL,'Seed:Flower:Snow Puff','COS-SP-pktw','','FLOWERS','COSMOS',300,2.0499999999999998223,'products\photos\300.webp');
INSERT INTO products_product VALUES(212,'Velouette','3-4’ plants yield long cutting stems with crimson, white and rose striped blooms.','nan','Flowers',NULL,'Seed:Flower:Velouette','COS-VE-pktw','','FLOWERS','COSMOS',301,2.0499999999999998223,'products\photos\301.webp');
INSERT INTO products_product VALUES(213,'Xsenia','Distinctive iridescent salmon shimmer over dusty pink to deep raspberry 2’ blooms. Magic!','1','Flowers',NULL,'Seed:Flower:Xsenia','COS-XS-pktw','','FLOWERS','COSMOS',302,2.0499999999999998223,'products\photos\302.webp');
INSERT INTO products_product VALUES(214,'Pink Butterfly','Airy sprays of long-lasting delicate pale pink blooms accented with a green dot on the back of each petal.','2','Flowers',NULL,'nan','LAR-PB-pktw','CHINESE','FLOWERS','DELPHINIUM',381,2.0499999999999998223,'products\photos\381.webp');
INSERT INTO products_product VALUES(215,'Blue Lace Flower','Graceful & tall umbels of sweet-smelling lavender-blue flowers. Great addition to bouquets!','3','Flowers',NULL,'nan','DID-LB-pktw','','FLOWERS','DIDISCUS',386,2.0499999999999998223,'products\photos\386.webp');
INSERT INTO products_product VALUES(216,'Edible Flower Mix','Borage, calendula, bachelor’s button, and nasturtiums to gussy up your meals & desserts!','1','Flowers',NULL,'Seed:Edible Flower Mix','FLO-ED-pktw','','FLOWERS','EDIBLE',304,2.0499999999999998223,'products\photos\304.webp');
INSERT INTO products_product VALUES(217,'Blue Glitter','Aka Sea Holly. Thistle-like foliage and hearty blooms of silvery cobalt blue. Perennial.','1','Flowers',NULL,'Seed:Flower:Blue Glitter','ERY-BG-pktw','','FLOWERS','ERYNGIUM',305,2.0499999999999998223,'products\photos\305.webp');
INSERT INTO products_product VALUES(218,'Full Moon','Vibrant green plants w/blooms opening in after-noon releasing their jasmine fragrance ‘til dawn','3','Flowers',NULL,'Seed:Flower:Full Moon','FOC-FM-pktw','','FLOWERS','FOUR O’CLOCK',306,2.0499999999999998223,'products\photos\306.webp');
INSERT INTO products_product VALUES(219,'Strega','Collected from wild roadside plants in Sicily. Spectacularly striped hot pink and yellow blooms.','2','Flowers',NULL,'Seed:Flower:Strega','FOC-ST-pktw','','FLOWERS','FOUR O’CLOCK',307,2.0499999999999998223,'products\photos\307.webp');
INSERT INTO products_product VALUES(220,'Apricot Beauty','4-5’ tall spikes of apricot buds opening into creamy pink flowers. Well worth the wait!','1','Flowers',NULL,'Seed:Flower:Apricot Beauty','FOX-AB-pktw','','FLOWERS','FOXGLOVE',308,2.0499999999999998223,'products\photos\308.webp');
INSERT INTO products_product VALUES(221,'Café Creme','Elegant beauty w/orchid like yellow blooms veined in burgundy. Red stems bring drama!','F','Flowers',NULL,'Seed:Flower:Café Crème','FOX-CC-pktw','','FLOWERS','FOXGLOVE',309,2.0499999999999998223,'products\photos\309.webp');
INSERT INTO products_product VALUES(222,'Giant Yellow Herold','Stately spires of bronze blooms w/finely detailed burgundy veining. 5-6’.','2','Flowers',NULL,'Seed:Flower:Giant Yellow Herold','FOX-YH-pktw','','FLOWERS','FOXGLOVE',310,2.0499999999999998223,'products\photos\310.webp');
INSERT INTO products_product VALUES(223,'Wild Cascades','Long lasting showy perennials to lure hummingbirds into your garden for good.','nan','Flowers',NULL,'Seed:Flower:Wild Cascades','FOX-WC-pktw','','FLOWERS','FOXGLOVE',311,2.0499999999999998223,'products\photos\311.webp');
INSERT INTO products_product VALUES(224,'Frosted Explosion','Waving wands of green and bronze, a misty backdrop in bouquets. ','2','Flowers',NULL,'Seed:Flower:Frosted Explosion','GRS-FE-pktw','ORNAMENTAL','FLOWERS','GRASS',312,2.0499999999999998223,'products\photos\312.webp');
INSERT INTO products_product VALUES(225,'Covent Garden','AKA Baby’s Breath. Quick growing, petite white flowers in sprays for classic bouquet filler.','2','Flowers',NULL,'Seed:Flower:Covent Garden','GYP-CG-pktw','','FLOWERS','GYPSOPHILA',313,2.0499999999999998223,'products\photos\313.webp');
INSERT INTO products_product VALUES(226,'Blue Pearl','Ferny foliage & clusters of 1” sky-blue blooms w/ contrasting yellow anthers. Perennial.','2','Flowers',NULL,'Seed:Flower:Blue Pearl','JAC-BP-pktw','','FLOWERS','JACOB''S LADDER',314,2.0499999999999998223,'products\photos\314.webp');
INSERT INTO products_product VALUES(227,'Blue Cloud','Delicate fernlike foliage w/profuse and opulent sprays of blue flowers. Full and graceful.','2','Flowers',NULL,'Seed:Flower:Blue Cloud','LAR-BC-pktw','','FLOWERS','LARKSPUR',315,2.0499999999999998223,'products\photos\315.webp');
INSERT INTO products_product VALUES(228,'Earl Grey','Silvery slate purple flowers on up to 4’ stalks. Sublime cut for summer bouquets, or dried.','1','Flowers',NULL,'Seed:Flower:Earl Grey','LAR-EG-pktw','','FLOWERS','LARKSPUR',316,2.0499999999999998223,'products\photos\316.webp');
INSERT INTO products_product VALUES(229,'Salmon Beauty','Classic 4'' spires of salmon pink blooms. Wonderful for cuts. Cheerful and elegant.','2','Flowers',NULL,'Seed:Flower:Salmon Beauty','LAR-SB-pktw','','FLOWERS','LARKSPUR',317,2.0499999999999998223,'products\photos\317.webp');
INSERT INTO products_product VALUES(230,'White Cloud','Delicate fernlike foliage w/continual white sprays of delicate flowers. Full graceful plants','2','Flowers',NULL,'Seed:Flower:White Cloud','LAR-WC-pktw','','FLOWERS','LARKSPUR',318,2.0499999999999998223,'products\photos\318.webp');
INSERT INTO products_product VALUES(231,'French Brocade','Mostly red blooms accented w. gold and orange. Small % solid yellow & orange.','nan','Flowers',NULL,'Seed:Flower:French Brocade','MAR-FB-pktw','','FLOWERS','MARIGOLD',319,2.0499999999999998223,'products\photos\319.webp');
INSERT INTO products_product VALUES(232,'Gems','Cheerful 10-12"mounds of edible scented mini flowers in tangerines, lemons, & reds!','2','Flowers',NULL,'Seed:Flower:Gems','MAR-GE-pktw','','FLOWERS','MARIGOLD',320,2.0499999999999998223,'products\photos\320.webp');
INSERT INTO products_product VALUES(233,'Pinwheel','Profusion of red and yellow bicolor blooms amidst fernlike leaves. Stunning. 3-4’.','2','Flowers',NULL,'Seed:Flower:Pinwheel','MAR-PI-pktw','','FLOWERS','MARIGOLD',322,2.0499999999999998223,'products\photos\322.webp');
INSERT INTO products_product VALUES(234,'Lemon Bergamot','Excellent pollinator attractor with whorls of deep violet blooms','CR','Flowers',NULL,'Seed:Flower:Lemon Bergamot','MON-LB-pktw','','FLOWERS','MONARDA',323,2.0499999999999998223,'products\photos\323.webp');
INSERT INTO products_product VALUES(235,'Grandpa Ott’s','Purple trumpets w/magenta centers & dark 5 pointed star pattern. 10’climber!','nan','Flowers',NULL,'Seed:Flower:Grandpa Ott''s','MGL-GO-pktw','','FLOWERS','MORNING GLORY',324,2.0499999999999998223,'products\photos\324.webp');
INSERT INTO products_product VALUES(236,'Trailing Mix','Trailing plants w/ ornamental leaves & bright blooms. Leaves, buds, & flowers are edible.','1','Flowers',NULL,'Seed:Flower:Trailing Mix','NAS-TM-pktw','TRAILING','FLOWERS','NASTURTIUM',325,2.0499999999999998223,'products\photos\325.jpg');
INSERT INTO products_product VALUES(237,'Alaska','Stunning variegated leaves are the star. Bush habit with blooms in yellow, orange, red, & salmon.','2','Flowers',NULL,'Seed:Flower:Alaska','NAS-AL-pktw','','FLOWERS','NASTURTIUM',326,2.0499999999999998223,'products\photos\326.webp');
INSERT INTO products_product VALUES(238,'Langsdorff’s Tobacco','Profusions of pendulous, lime green blooms with unusual blue pollen. Great for cuts.','1','Flowers',NULL,'Seed:Flower:Langsdorff''s Tobacco','NIC-LD-pktw','','FLOWERS','NICOTIANA',327,2.0499999999999998223,'products\photos\327.webp');
INSERT INTO products_product VALUES(239,'Lime Green','Chartreuse green flowers release an intoxicating fragrance. Great cut flower.','nan','Flowers',NULL,'Seed:Flower:Lime Green','NIC-LG-pktw','','FLOWERS','NICOTIANA',328,2.0499999999999998223,'products\photos\328.webp');
INSERT INTO products_product VALUES(240,'Only The Lonely','Statuesque 6’ plant! Clusters of long, white, tubed, fragrant flowers like trailing fireworks.','2','Flowers',NULL,'Seed:Flower:Only The Lonely','NIC-OL-pktw','','FLOWERS','NICOTIANA',329,2.0499999999999998223,'products\photos\329.webp');
INSERT INTO products_product VALUES(241,'Peach Screamer','Spires of peachy, cup shaped flowers with attractive spacing for arrangements.','F','Flowers',NULL,'Seed:Flower:Peach Screamer','NIC-PS-pktw','','FLOWERS','NICOTIANA',330,2.0499999999999998223,'products\photos\330.webp');
INSERT INTO products_product VALUES(242,'Bridal Veil','Pure white petals w/ferny foliage & deep purple elongated anthers. Fresh/dry beauty','2','Flowers',NULL,'Seed:Flower:Bridal Veil','NIG-BV-pktw','','FLOWERS','NIGELLA',331,2.0499999999999998223,'products\photos\331.webp');
INSERT INTO products_product VALUES(243,'Delft Blue','Breathtaking colors from white to streaked grey & blue to pure purple. Fresh/dry beauty','2','Flowers',NULL,'Seed:Flower:Delft Blue','NIG-DB-pktw','','FLOWERS','NIGELLA',332,2.0499999999999998223,'products\photos\332.webp');
INSERT INTO products_product VALUES(244,'Exotica','Passionflower-like purple blooms make an outstanding and long lasting cut flower.','1','Flowers',NULL,'Seed:Flower:Exotica','NIG-EX-pktw','','FLOWERS','NIGELLA',333,2.0499999999999998223,'products\photos\333.webp');
INSERT INTO products_product VALUES(245,'Bee''s Friend','Fern-like foliage w/unfurling fiddleheads of luminescent blue flowers. Bees go wild for this!','1','Flowers',NULL,'Seed:Flower:Bee''s Friend','PHA-BF-pktw','','FLOWERS','PHACELIA',334,2.0499999999999998223,'products\photos\334.webp');
INSERT INTO products_product VALUES(246,'California Poppy Mix','Long lasting colors from pastels to richly hued oranges, reds, & mustards. Low growing to 15"','F','Flowers',NULL,'Seed:Flower:California Mix','POP-CA-pktw','CALIFORNIA','FLOWERS','POPPY',335,2.0499999999999998223,'products\photos\335.webp');
INSERT INTO products_product VALUES(247,'Pastel Meadows','Long 16-20"stems, flowers like translucent stained glass, and never-ending blooms.','1','Flowers',NULL,'Seed:Flower:Pastel Meadows','POP-PM-pktw','ICELAND','FLOWERS','POPPY',336,2.0499999999999998223,'products\photos\336.webp');
INSERT INTO products_product VALUES(248,'Amazing Grey','Atmospheric hues of dusty lilac, pearly purple and slate grey-blue petite blooms! 2.5-3’ tall.','F','Flowers',NULL,'Seed:Flower:Amazing Grey','POP-AG-pktw','SHIRLEY','FLOWERS','POPPY',337,2.0499999999999998223,'products\photos\337.webp');
INSERT INTO products_product VALUES(249,'Cornfield','Long blooming pretty little red poppies. Sprinkle. Wait. Smile and feel joy.','F','Flowers',NULL,'Seed:Flower:Cornfield','POP-CO-pktw','SHIRLEY','FLOWERS','POPPY',338,2.0499999999999998223,'products\photos\338.webp');
INSERT INTO products_product VALUES(250,'Mother of Pearl','Subtle mix of whites, lavenders, roses and speckled w/brilliant pollen color.','F','Flowers',NULL,'Seed:Flower:Mother of Pearl','POP-MP-pktw','SHIRLEY','FLOWERS','POPPY',339,2.0499999999999998223,'products\photos\339.webp');
INSERT INTO products_product VALUES(251,'Pandora','Beautiful doubled shirley with deep burgundy speckled blooms','1','Flowers',NULL,'Seed:Flower:Pandora','POP-PA-pktw','SHIRLEY','FLOWERS','POPPY',340,2.0499999999999998223,'products\photos\340.webp');
INSERT INTO products_product VALUES(252,'Black Swan','4’tall deep purple verging on black finely cut, frilly petals. Elegant & lovely.','nan','Flowers',NULL,'Seed:Flower:Black Swan','POP-BS-pktw','','FLOWERS','POPPY',341,2.0499999999999998223,'products\photos\341.webp');
INSERT INTO products_product VALUES(253,'Danish Flag','Distinct white cross pattern amid lipstick red, deeply cut petals. Sure to please!','1','Flowers',NULL,'Seed:Flower:Danish Flag','POP-DF-pktw','','FLOWERS','POPPY',342,2.0499999999999998223,'products\photos\342.webp');
INSERT INTO products_product VALUES(254,'Flemish Antique','Show stoppers. Huge peony like blooms in classy Victorian pastels. 2-3’ tall.','nan','Flowers',NULL,'Seed:Flower:Flemish Antique','POP-FA-pktw','','FLOWERS','POPPY',343,2.0499999999999998223,'products\photos\343.webp');
INSERT INTO products_product VALUES(255,'Frilled White','Stunning simplicity in pure white!','nan','Flowers',NULL,'Seed:Flower:Frilled White','POP-FW-pktw','','FLOWERS','POPPY',344,2.0499999999999998223,'products\photos\344.webp');
INSERT INTO products_product VALUES(256,'Ziar Breadseed','Pretty flowers & large seedheads filled w/unusually sweet blue seeds for baking!','F','Flowers',NULL,'Seed:Flower:Ziar Breadseed','POP-ZI-pktw','','FLOWERS','POPPY',345,2.0499999999999998223,'products\photos\345.webp');
INSERT INTO products_product VALUES(257,'Autumn Sunset','A beautiful mix of singles, doubles, and mum-like blooms in autumnal tones. Great cutter!','2','Flowers',NULL,'Seed:Flower:Autumn Sunset','RUD-AS-pktw','','FLOWERS','RUDBECKIA',346,2.0499999999999998223,'products\photos\346.webp');
INSERT INTO products_product VALUES(258,'Prairie Glow','Chest high tangles of mini 2-3” black eyed susan type blooms w/ two tone yellow/faded red petals.','F','Flowers',NULL,'Seed:Flower:Prairie Glow','RUD-PG-pktw','','FLOWERS','RUDBECKIA',347,2.0499999999999998223,'products\photos\347.webp');
INSERT INTO products_product VALUES(259,'Prairie Sun','Unabashedly cheerful two-tone yellow blooms, easy to grow and excellent in bouquets.','2','Flowers',NULL,'Seed:Flower:Prairie Sun','RUD-PR-pktw','','FLOWERS','RUDBECKIA',348,2.0499999999999998223,'products\photos\348.webp');
INSERT INTO products_product VALUES(260,'Sahara','Mix of singles, doubles, & mum-like blooms from cream to rose to burgundy. Lovely cuts.','1','Flowers',NULL,'Seed:Flower:Sahara','RUD-SA-pktw','','FLOWERS','RUDBECKIA',349,2.0499999999999998223,'products\photos\349.webp');
INSERT INTO products_product VALUES(261,'Texas Hummingbird Sage','2-3’ tall spikes of scarlet red flowers. Attractive to hummingbirds. Excellent insect/nectar plant','nan','Flowers',NULL,'Seed:Flower:Texas Hummingbird Sage','SAL-TH-pktw','','FLOWERS','SALVIA',350,2.0499999999999998223,'products\photos\350.webp');
INSERT INTO products_product VALUES(262,'Transylvanian Sage','Scented rosettes of vibrant foliage yield to deep violet flower spikes. 3’ perennial.','2','Flowers',NULL,'Seed:Flower:Transylvanian Sage','SAL-TV-pktw','','FLOWERS','SALVIA',351,2.0499999999999998223,'products\photos\351.webp');
INSERT INTO products_product VALUES(263,'White Swan','3'' stately, bushy plants with long straight stems adorned with showy white bracts.','2','Flowers',NULL,'Seed:Flower:White Swan','SAL-WS-pktw','','FLOWERS','SALVIA',352,2.0499999999999998223,'products\photos\352.webp');
INSERT INTO products_product VALUES(264,'White Beauty','Bushy plants w/ sprays of small 5 petaled blooms and showy seed pods. Classic bouquet filler.','2','Flowers',NULL,'Seed:Flower:White Beauty','SAP-WB-pktw','','FLOWERS','SAPONARIA',353,2.0499999999999998223,'products\photos\353.webp');
INSERT INTO products_product VALUES(265,'Fama Deep Blue','Dramatic 3-4"lilac-deep blue blooms w/long stems. Perennial 3-5’plant.','nan','Flowers',NULL,'Seed:Flower:Fama Deep Blue','SCA-FB-pktw','','FLOWERS','SCABIOSA',354,2.0499999999999998223,'products\photos\354.webp');
INSERT INTO products_product VALUES(266,'Fata Morgana','Gorgeous cream to blushed salmon flowers on 3’plant. Honeyed scent attracts beneficials','2','Flowers',NULL,'Seed:Flower:Fata Morgana','SCA-FM-pktw','','FLOWERS','SCABIOSA',355,2.0499999999999998223,'products\photos\355.webp');
INSERT INTO products_product VALUES(267,'Giant Yellow','Pale yellow pincushions on towering 8’ plants and long stems. Perennial, flowers 2nd year','nan','Flowers',NULL,'Seed:Flower:Giant Yellow','SCA-GY-pktw','','FLOWERS','SCABIOSA',356,2.0499999999999998223,'products\photos\356.webp');
INSERT INTO products_product VALUES(268,'Salmon Queen','Pale raspberry-red pincushion flowers perfect for summer bouquets','2','Flowers',NULL,'Seed:Flower:Salmon Queen','SCA-SB-pktw','','FLOWERS','SCABIOSA',357,2.0499999999999998223,'products\photos\357.webp');
INSERT INTO products_product VALUES(269,'Snowmaiden','Prolific, classic pincushion blooms in pure white. Elegant cut flower with long wiry stems.','2','Flowers',NULL,'Seed:Flower:Snow Maiden','SCA-SM-pktw','','FLOWERS','SCABIOSA',358,2.0499999999999998223,'products\photos\358.webp');
INSERT INTO products_product VALUES(270,'Apricot Peach Mix','A sunrise mix of long blooming peach, yellow, orange, pink & red flowers. Breathtaking!','1','Flowers',NULL,'Seed:Flower:Apricot Peach Mix','STR-AP-pktw','','FLOWERS','STRAWFLOWER',359,2.0499999999999998223,'products\photos\359.webp');
INSERT INTO products_product VALUES(271,'Monstrosum Fireball','Long lasting scarlet red blooms to set your garden on fire. 3-4’tall. Dries wonderfully.','2','Flowers',NULL,'Seed:Flower:Monstrosum Fireball','STR-MF-pktw','','FLOWERS','STRAWFLOWER',360,2.0499999999999998223,'products\photos\360.webp');
INSERT INTO products_product VALUES(272,'Garden Anarchy','Stunning & unpredictable array of colors, shapes, and sizes. Expect to be delighted!!','1','Flowers',NULL,'Seed:Flower:Garden Anarchy Mix','SUN-GA-pktw','','FLOWERS','SUNFLOWER',361,2.0499999999999998223,'products\photos\361.jpg');
INSERT INTO products_product VALUES(273,'Giant Sungold','All you’ve been dreaming of! Fluffy, teddy bear type to 7’ w/many long-lasting blooms.','nan','Flowers',NULL,'Seed:Flower:Giant Sungold','SUN-GS-pktw','','FLOWERS','SUNFLOWER',362,2.0499999999999998223,'products\photos\362.webp');
INSERT INTO products_product VALUES(274,'Reds','Diverse population of multi-headed, deep red blooms, some with yellow halos, on 6’ plants.','2','Flowers',NULL,'Seed:Flower:Reds','SUN-RE-pktw','','FLOWERS','SUNFLOWER',363,2.0499999999999998223,'products\photos\363.webp');
INSERT INTO products_product VALUES(275,'Soraya','A multiheading variety with strong cutting stems and 4-6” mustard yellow halos.','2','Flowers',NULL,'Seed:Flower:Soraya','SUN-SO-pktw','','FLOWERS','SUNFLOWER',364,2.0499999999999998223,'products\photos\364.webp');
INSERT INTO products_product VALUES(276,'Tarahumara','7-10’ single headed w/unique green center halo. Excellent seed producer.','1','Flowers',NULL,'Seed:Flower:Tarahumara','SUN-TA-pktw','','FLOWERS','SUNFLOWER',365,2.0499999999999998223,'products\photos\365.webp');
INSERT INTO products_product VALUES(277,'Transylvanian Giant','Towering over the garden like the Carpathian Mountains, 12-15’ tall with broad yellow heads.','1','Flowers',NULL,'Seed:Flower:Transylvanian Giant','SUN-TG-pktw','','FLOWERS','SUNFLOWER',366,2.0499999999999998223,'products\photos\366.webp');
INSERT INTO products_product VALUES(278,'April in Paris','Elegant creamy white flowers w/purple fringe. Intoxicating scent. 5-6’','F','Flowers',NULL,'Seed:Flower:April in Paris','SWP-AP-pktw','','FLOWERS','SWEET PEA',367,2.0499999999999998223,'products\photos\367.webp');
INSERT INTO products_product VALUES(279,'Azureus','Electric blue flowers on meandering vines. Mesmerizing soil builder (aka chickling Vetch). Unscented sweet pea relative.','3','Flowers',NULL,'nan','VET-AZ-pktw','','FLOWERS','SWEET PEA',384,2.0499999999999998223,'products\photos\384.webp');
INSERT INTO products_product VALUES(280,'Lathyrus Chloranthus','Charmingly curly tendrils supporting an abundance of lovely chartreuse pea flowers. Unscented sweet pea relative.','3','Flowers',NULL,'nan','SWP-LC-pktw','','FLOWERS','SWEET PEA',387,2.0499999999999998223,'products\photos\387.webp');
INSERT INTO products_product VALUES(281,'Arctic Summer','Towering multi branched plants to 7-8’ covered in wooly white fuzz & golden blooms.','2','Flowers',NULL,'Seed:Flower:Arctic Summer','VRB-AS-pktw','','FLOWERS','VERBASCUM',368,2.0499999999999998223,'products\photos\368.webp');
INSERT INTO products_product VALUES(282,'Phoenician Mullein','Perennial with 4’ spikes of white flowers w/ exquisite fuzzy mauve stamens. Bee party!','2','Flowers',NULL,'Seed:Flower:Phoenician Mullein','VRB-PM-pktw','','FLOWERS','VERBASCUM',369,2.0499999999999998223,'products\photos\369.webp');
INSERT INTO products_product VALUES(283,'Benary’s Giant Mix','All the subtlety of a drag queen in a sequined mini dress and just as *fabulous*.','1','Flowers',NULL,'Seed:Flower:Benary''s Giant Mix','ZIN-BE-pktw','','FLOWERS','ZINNIA',370,2.0499999999999998223,'products\photos\370.webp');
INSERT INTO products_product VALUES(284,'Queen Red Lime','Dusty rose blooms with vibrant lime-green centers on long cutting stems.','2','Flowers',NULL,'Seed:Flower:Queen Red Lime','ZIN-QR-pktw','','FLOWERS','ZINNIA',371,2.0499999999999998223,'products\photos\371.webp');
INSERT INTO products_product VALUES(285,'Salmon Rose','One of the more elegant and subdued of the Zinnia palate! A lovely bouquet addition.','2','Flowers',NULL,'Seed:Flower:Salmon Rose','ZIN-SR-pktw','','FLOWERS','ZINNIA',372,2.0499999999999998223,'products\photos\372.jpg');
INSERT INTO products_product VALUES(286,'Zinderella Lilac','Lavender and pink on single, double & fully double scabiosa type blooms.','2','Flowers',NULL,'Seed:Flower:Zinderella Lilac','ZIN-ZL-pktw','','FLOWERS','ZINNIA',373,2.0499999999999998223,'products\photos\373.webp');
INSERT INTO products_product VALUES(287,'Zinderella Peach','Cream, yellows & pinks on single, double & fully double scabiosa type blooms. Beauties!','1','Flowers',NULL,'Seed:Flower:Zinderella Peach','ZIN-ZP-pktw','','FLOWERS','ZINNIA',374,2.0499999999999998223,'products\photos\374.webp');
INSERT INTO products_product VALUES(288,'Borlotto Gaston','PNW-adapted strain of Venetian Borlotto Lamon cranberry bean. Late-maturing, but delightful shelly!','W','Vegetables',NULL,'nan','BEA-BG-pktw','DRY/POLE','BEAN','BEAN',388,2.0499999999999998223,'products\photos\388.webp');
INSERT INTO products_product VALUES(289,'Aunt Molly''s','Bright, tropical flavor from this highly productive tomatillo relative. Low, sprawling growth habit.','W','Vegetables',NULL,'nan','TGC-AM-pktw','','MISC','GROUNDCHERRY',389,2.0499999999999998223,'products\photos\389.webp');
INSERT INTO products_product VALUES(290,'Goldrush','Super frilly chartreuse cutting lettuce almost resembling frisee more than a lettuce, but without the bitterness.','CC','Vegetables',NULL,'nan','LET-GR-pktw','OAKLEAF','LETTUCE','LETTUCE',390,2.0499999999999998223,'products\photos\390.jpg');
INSERT INTO products_product VALUES(291,'Prize Choi','Mild and succulent snow-white stems contrasted against deep green leaves. Delicious lightly sautéed in stir-fries.','PCC','Vegetables',NULL,'nan','GRE-PC-pktw','ASIAN','GREENS','GREENS',391,2.0499999999999998223,'products\photos\391.webp');
CREATE TABLE IF NOT EXISTS "orders_order" ("id" integer NOT NULL PRIMARY KEY AUTOINCREMENT, "order_date" date NOT NULL, "total_cost" decimal NOT NULL, "total_packets" integer unsigned NOT NULL CHECK ("total_packets" >= 0), "order_number" integer unsigned NOT NULL CHECK ("order_number" >= 0), "products" text NOT NULL CHECK ((JSON_VALID("products") OR "products" IS NULL)), "store_id" bigint NULL REFERENCES "stores_store" ("id") DEFERRABLE INITIALLY DEFERRED);
INSERT INTO orders_order VALUES(1,'2023-07-18',0,0,0,'{}',NULL);
INSERT INTO orders_order VALUES(2,'2023-07-18',0,0,0,'{"277": 8, "278": 10}',NULL);
INSERT INTO orders_order VALUES(3,'2023-07-18',0,0,0,'{"277": 8, "278": 10}',NULL);
INSERT INTO orders_order VALUES(4,'2023-07-18',0,0,0,'{"277": 8, "278": 10}',NULL);
INSERT INTO orders_order VALUES(5,'2023-07-18',0,0,0,'{"277": 8, "278": 10}',NULL);
INSERT INTO orders_order VALUES(6,'2023-07-18',36.899999999999998578,18,2073,'{"277": 8, "278": 10}',NULL);
INSERT INTO orders_order VALUES(7,'2023-07-18',36.899999999999998578,18,2073,'{"277": 8, "278": 10}',NULL);
INSERT INTO orders_order VALUES(8,'2023-07-18',36.899999999999998578,18,2073,'{"277": 8, "278": 10}',NULL);
INSERT INTO orders_order VALUES(9,'2023-07-18',36.899999999999998578,18,2073,'{"277": 8, "278": 10}',NULL);
INSERT INTO orders_order VALUES(10,'2023-07-18',36.899999999999998578,18,2073,'{"277": 8, "278": 10}',NULL);
INSERT INTO orders_order VALUES(11,'2023-07-18',36.899999999999998578,18,2073,'{"277": 8, "278": 10}',NULL);
INSERT INTO orders_order VALUES(12,'2023-07-18',36.899999999999998578,18,2073,'{"277": 8, "278": 10}',NULL);
INSERT INTO orders_order VALUES(13,'2023-07-18',36.899999999999998578,18,2073,'{"277": 8, "278": 10}',NULL);
INSERT INTO orders_order VALUES(14,'2023-07-18',36.899999999999998578,18,2073,'{"277": 8, "278": 10}',NULL);
INSERT INTO orders_order VALUES(15,'2023-07-18',0,0,0,'{"277": 8, "278": 10}',NULL);
INSERT INTO orders_order VALUES(16,'2023-07-18',0,0,0,'{"277": 8, "278": 10, "279": 4, "280": 4}',NULL);
INSERT INTO orders_order VALUES(17,'2023-07-25',0,0,0,'{"277": 10}',2);
INSERT INTO orders_order VALUES(18,'2023-07-25',0,0,0,'{}',2);
INSERT INTO orders_order VALUES(19,'2023-07-25',0,0,0,'{}',2);
INSERT INTO orders_order VALUES(20,'2023-07-25',0,0,0,'{}',2);
INSERT INTO orders_order VALUES(21,'2023-07-25',0,0,0,'{}',2);
INSERT INTO orders_order VALUES(22,'2023-07-25',0,0,0,'{}',2);
INSERT INTO orders_order VALUES(23,'2023-07-25',0,0,0,'{"277": 15}',2);
INSERT INTO orders_order VALUES(24,'2023-07-25',0,0,0,'{"277": 15, "278": 10, "279": 5}',2);
INSERT INTO orders_order VALUES(25,'2023-07-25',51.25,25,11001,'{"277": 15, "278": 10}',2);
INSERT INTO orders_order VALUES(26,'2023-07-25',51.25,25,11001,'{"277": 15, "278": 10}',2);
INSERT INTO orders_order VALUES(27,'2023-07-25',51.25,25,11001,'{"277": 15, "278": 10}',2);
INSERT INTO orders_order VALUES(28,'2023-07-25',51.25,25,11001,'{"277": 15, "278": 10}',2);
INSERT INTO orders_order VALUES(29,'2023-07-25',51.25,25,11001,'{"277": 15, "278": 10}',2);
INSERT INTO orders_order VALUES(30,'2023-07-25',20.499999999999999999,10,11001,'{"277": 5, "278": 5}',2);
INSERT INTO orders_order VALUES(31,'2023-07-25',20.499999999999999999,10,11001,'{"277": 5, "278": 5}',2);
INSERT INTO orders_order VALUES(32,'2023-07-25',20.499999999999999999,10,11001,'{"277": 5, "278": 5}',2);
INSERT INTO orders_order VALUES(33,'2023-07-25',20.499999999999999999,10,11001,'{"277": 5, "278": 5}',2);
INSERT INTO orders_order VALUES(34,'2023-07-25',20.499999999999999999,10,11001,'{"277": 5, "278": 5}',2);
INSERT INTO orders_order VALUES(35,'2023-07-25',20.499999999999999999,10,11001,'{"277": 5, "278": 5}',2);
INSERT INTO orders_order VALUES(36,'2023-07-25',20.499999999999999999,10,11001,'{"277": 5, "278": 5}',2);
INSERT INTO orders_order VALUES(37,'2023-07-25',20.499999999999999999,10,11001,'{"277": 5, "278": 5}',2);
INSERT INTO orders_order VALUES(38,'2023-07-25',20.499999999999999999,10,11001,'{"277": 5, "278": 5}',2);
INSERT INTO orders_order VALUES(39,'2023-07-25',20.499999999999999999,10,11001,'{"277": 5, "278": 5}',2);
INSERT INTO orders_order VALUES(40,'2023-07-25',20.499999999999999999,10,11001,'{"277": 5, "278": 5}',2);
INSERT INTO orders_order VALUES(41,'2023-07-25',20.499999999999999999,10,11001,'{"277": 5, "278": 5}',2);
INSERT INTO orders_order VALUES(42,'2023-07-25',20.499999999999999999,10,11001,'{"277": 5, "278": 5}',2);
INSERT INTO orders_order VALUES(43,'2023-07-25',20.499999999999999999,10,11001,'{"277": 5, "278": 5}',2);
INSERT INTO orders_order VALUES(44,'2023-07-25',20.499999999999999999,10,11001,'{"277": 5, "278": 5}',2);
INSERT INTO orders_order VALUES(45,'2023-07-25',20.499999999999999999,10,11001,'{"277": 5, "278": 5}',2);
INSERT INTO orders_order VALUES(46,'2023-07-25',20.499999999999999999,10,11001,'{"277": 5, "278": 5}',2);
INSERT INTO orders_order VALUES(47,'2023-07-25',20.499999999999999999,10,11001,'{"277": 5, "278": 5}',2);
INSERT INTO orders_order VALUES(48,'2023-07-25',20.499999999999999999,10,11001,'{"277": 5, "278": 5}',2);
INSERT INTO orders_order VALUES(49,'2023-07-25',20.499999999999999999,10,11001,'{"277": 5, "278": 5}',2);
INSERT INTO orders_order VALUES(50,'2023-07-25',205,100,11001,'{"278": 15, "279": 85}',2);
INSERT INTO orders_order VALUES(51,'2023-07-25',205,100,11001,'{"278": 100}',2);
INSERT INTO orders_order VALUES(52,'2023-07-25',205,100,11001,'{"278": 100}',2);
INSERT INTO orders_order VALUES(53,'2023-07-25',20.499999999999999999,10,11001,'{"278": 10}',2);
INSERT INTO orders_order VALUES(54,'2023-07-25',20.499999999999999999,10,11001,'{"278": 10}',2);
INSERT INTO orders_order VALUES(55,'2023-07-25',20.499999999999999999,10,11001,'{"278": 10}',2);
INSERT INTO orders_order VALUES(56,'2023-07-25',20.499999999999999999,10,11001,'{"278": 10}',2);
INSERT INTO orders_order VALUES(57,'2023-07-25',41,20,11002,'{"277": 20}',2);
INSERT INTO orders_order VALUES(58,'2023-07-25',41,20,11003,'{"277": 20}',2);
INSERT INTO orders_order VALUES(59,'2023-07-25',41,20,11002,'{"277": 20}',2);
INSERT INTO orders_order VALUES(60,'2023-07-25',10.249999999999999999,5,11004,'{"277": 5}',2);
INSERT INTO orders_order VALUES(61,'2023-07-25',61.5,30,11005,'{"277": 10, "278": 10, "279": 10}',2);
INSERT INTO orders_order VALUES(62,'2023-07-25',61.5,30,11006,'{"277": 10, "278": 10, "279": 10}',2);
INSERT INTO orders_order VALUES(63,'2023-07-25',61.5,30,11007,'{"277": 10, "278": 10, "279": 10}',2);
INSERT INTO orders_order VALUES(64,'2023-07-25',61.5,30,11008,'{"277": 15, "278": 15}',2);
INSERT INTO orders_order VALUES(65,'2023-07-25',61.5,30,11008,'{"277": 15, "278": 15}',2);
INSERT INTO orders_order VALUES(66,'2023-07-25',10.249999999999999999,5,11009,'{"277": 5}',2);
INSERT INTO orders_order VALUES(67,'2023-07-25',10.249999999999999999,5,1110,'{"277": 5}',2);
INSERT INTO orders_order VALUES(68,'2023-07-25',10.249999999999999999,5,1111,'{"277": 5}',2);
INSERT INTO orders_order VALUES(69,'2023-07-25',10.249999999999999999,5,1112,'{"277": 5}',2);
INSERT INTO orders_order VALUES(70,'2023-07-25',10.249999999999999999,5,1113,'{"277": 5}',2);
INSERT INTO orders_order VALUES(71,'2023-07-25',20.499999999999999999,10,1114,'{"277": 5, "278": 5}',2);
INSERT INTO orders_order VALUES(72,'2023-07-25',20.499999999999999999,10,1115,'{"277": 5, "278": 5}',2);
INSERT INTO orders_order VALUES(73,'2023-07-25',10.249999999999999999,5,1116,'{"277": 5}',2);
INSERT INTO orders_order VALUES(74,'2023-07-25',20.499999999999999999,10,1117,'{"277": 5, "278": 5}',2);
INSERT INTO orders_order VALUES(75,'2023-07-25',20.499999999999999999,10,1118,'{"277": 5, "278": 5}',2);
INSERT INTO orders_order VALUES(76,'2023-07-25',10.249999999999999999,5,1119,'{"277": 5}',2);
INSERT INTO orders_order VALUES(77,'2023-07-25',20.499999999999999999,10,1120,'{"277": 5, "278": 5}',2);
INSERT INTO orders_order VALUES(78,'2023-07-25',20.499999999999999999,10,1121,'{"277": 5, "278": 5}',2);
INSERT INTO orders_order VALUES(79,'2023-07-25',10.249999999999999999,5,1122,'{"277": 5}',2);
INSERT INTO orders_order VALUES(80,'2023-07-25',20.499999999999999999,10,1123,'{"277": 5, "278": 5}',2);
INSERT INTO orders_order VALUES(81,'2023-07-25',20.499999999999999999,10,1123,'{"277": 5, "278": 5}',2);
INSERT INTO orders_order VALUES(82,'2023-07-25',10.249999999999999999,5,1124,'{"277": 5}',2);
INSERT INTO orders_order VALUES(83,'2023-07-25',10.249999999999999999,5,1125,'{"277": 5}',2);
INSERT INTO orders_order VALUES(84,'2023-07-25',20.499999999999999999,10,1126,'{"277": 5, "278": 5}',2);
INSERT INTO orders_order VALUES(85,'2023-07-25',10.249999999999999999,5,1127,'{"277": 5}',2);
INSERT INTO orders_order VALUES(86,'2023-07-25',20.499999999999999999,10,1127,'{"277": 5, "278": 5}',2);
INSERT INTO orders_order VALUES(87,'2023-07-25',30.75,15,1128,'{"277": 5, "278": 5, "279": 5}',2);
INSERT INTO orders_order VALUES(88,'2023-07-25',20.499999999999999999,10,1129,'{"277": 10}',2);
INSERT INTO orders_order VALUES(89,'2023-07-25',20.499999999999999999,10,1130,'{"277": 10}',2);
INSERT INTO orders_order VALUES(90,'2023-07-25',41,20,1131,'{"277": 10, "278": 10}',2);
INSERT INTO orders_order VALUES(91,'2023-07-25',20.499999999999999999,10,1132,'{"277": 10}',2);
INSERT INTO orders_order VALUES(92,'2023-07-25',41,20,1133,'{"277": 10, "278": 10}',2);
INSERT INTO orders_order VALUES(93,'2023-07-25',61.5,30,1134,'{"277": 10, "278": 10, "279": 10}',2);
INSERT INTO orders_order VALUES(94,'2023-07-25',10.249999999999999999,5,1135,'{"277": 5}',2);
INSERT INTO orders_order VALUES(95,'2023-07-25',10.249999999999999999,5,1136,'{"277": 5}',2);
INSERT INTO orders_order VALUES(96,'2023-07-25',10.249999999999999999,5,1137,'{"277": 5}',2);
INSERT INTO orders_order VALUES(97,'2023-07-25',10.249999999999999999,5,1138,'{"277": 5}',2);
INSERT INTO orders_order VALUES(98,'2023-07-25',10.249999999999999999,5,1139,'{"277": 5}',2);
INSERT INTO orders_order VALUES(99,'2023-07-25',10.249999999999999999,5,1140,'{"277": 5}',2);
INSERT INTO orders_order VALUES(100,'2023-07-25',20.499999999999999999,10,1141,'{"277": 5, "278": 5}',2);
INSERT INTO orders_order VALUES(101,'2023-07-25',20.499999999999999999,10,11001,'{"277": 10}',2);
INSERT INTO orders_order VALUES(102,'2023-07-25',41,20,11002,'{"277": 5, "278": 5, "279": 5, "280": 5}',2);
INSERT INTO orders_order VALUES(103,'2023-07-25',102.49999999999999999,50,1103,'{"103": 5, "104": 5, "267": 5, "277": 5, "278": 5, "279": 5, "280": 5, "281": 5, "282": 5, "283": 5}',2);
INSERT INTO orders_order VALUES(104,'2023-07-25',10.249999999999999999,5,1104,'{"277": 5}',2);
INSERT INTO orders_order VALUES(105,'2023-07-27',61.5,30,1105,'{"277": 15, "278": 15}',2);
INSERT INTO orders_order VALUES(106,'2023-07-27',41,20,1106,'{"277": 10, "285": 10}',2);
INSERT INTO orders_order VALUES(107,'2023-07-31',215.24999999999999999,105,2201,'{"277": 105}',13);
INSERT INTO orders_order VALUES(108,'2023-07-31',471.50000000000000001,230,2202,'{"277": 230}',13);
INSERT INTO orders_order VALUES(109,'2023-07-31',820,400,2201,'{"278": 200, "279": 200}',13);
INSERT INTO orders_order VALUES(110,'2023-08-15',51.25,25,1001,'{"277": 5, "278": 5, "279": 5, "280": 5, "281": 5}',38);
INSERT INTO orders_order VALUES(111,'2023-08-16',112.75,55,1002,'{"277": 5, "278": 10, "279": 15, "280": 15, "284": 5, "285": 5}',38);
INSERT INTO orders_order VALUES(112,'2023-08-22',71.750000000000000001,35,1003,'{"277": 5, "278": 5, "279": 5, "280": 5, "281": 5, "282": 5, "284": 5}',38);
INSERT INTO orders_order VALUES(113,'2023-08-22',92.250000000000000003,45,1101,'{"267": 10, "268": 15, "283": 5, "303": 15}',2);
INSERT INTO orders_order VALUES(114,'2023-08-22',10.249999999999999999,5,1004,'{"277": 5}',38);
INSERT INTO orders_order VALUES(115,'2023-08-22',10.249999999999999999,5,1005,'{"277": 5}',38);
INSERT INTO orders_order VALUES(116,'2023-08-22',10.249999999999999999,5,1006,'{"277": 5}',38);
INSERT INTO orders_order VALUES(117,'2023-08-22',10.249999999999999999,5,1007,'{"277": 5}',38);
INSERT INTO orders_order VALUES(118,'2023-08-22',10.249999999999999999,5,1008,'{"277": 5}',38);
INSERT INTO orders_order VALUES(119,'2023-08-22',153.75,75,1009,'{"277": 75}',38);
INSERT INTO orders_order VALUES(120,'2023-08-22',1066,520,1010,'{"277": 285, "279": 60, "281": 85, "282": 90}',38);
CREATE TABLE IF NOT EXISTS "stores_store" ("id" integer NOT NULL PRIMARY KEY AUTOINCREMENT, "username" varchar(100) NULL, "password" varchar(100) NULL, "store_number" integer NULL, "name" varchar(100) NULL, "email" varchar(254) NULL, "slots" integer NULL, "last_order_date" date NULL, "total_orders" decimal NOT NULL, "current_order" decimal NOT NULL, "total_num_packets" integer NOT NULL, "available_products" text NOT NULL CHECK ((JSON_VALID("available_products") OR "available_products" IS NULL)), "store_user_id" integer NULL UNIQUE REFERENCES "auth_user" ("id") DEFERRABLE INITIALLY DEFERRED);
INSERT INTO stores_store VALUES(2,'blossom','',11,'Blossom Grocery','Jennell@blossomonlopez.com',56,NULL,1,0,45,'{"101": false, "102": false, "103": false, "104": false, "105": false, "106": true, "107": true, "108": true, "109": true, "110": true, "111": true, "112": true, "113": true, "114": true, "115": true, "116": true, "117": true, "118": true, "119": true, "120": true, "121": true, "122": true, "123": true, "124": true, "125": true, "126": true, "127": true, "128": true, "129": true, "130": true, "131": true, "132": true, "133": true, "134": true, "135": true, "136": true, "137": true, "138": true, "139": true, "140": true, "141": true, "142": true, "143": true, "144": true, "145": true, "146": true, "147": true, "148": true, "149": true, "150": true, "151": true, "152": true, "153": true, "154": true, "155": true, "156": true, "157": true, "158": true, "159": true, "160": true, "161": true, "162": true, "163": true, "164": true, "165": true, "166": true, "167": true, "168": true, "169": true, "170": true, "171": true, "172": true, "173": true, "174": true, "175": true, "176": true, "177": true, "178": true, "179": true, "180": true, "181": true, "182": true, "183": true, "184": true, "185": true, "186": true, "187": true, "188": true, "189": true, "190": true, "191": true, "192": true, "193": true, "194": true, "195": true, "196": true, "197": true, "198": true, "199": true, "200": true, "201": true, "202": true, "203": true, "204": true, "205": true, "206": true, "207": true, "208": true, "209": true, "210": true, "211": true, "212": true, "213": true, "214": true, "215": true, "216": true, "217": true, "218": true, "219": true, "220": true, "221": true, "222": true, "223": true, "224": true, "225": true, "226": true, "227": true, "228": true, "229": true, "230": true, "231": true, "232": true, "233": true, "234": true, "235": true, "236": true, "237": true, "238": true, "239": true, "240": true, "241": true, "242": true, "243": true, "244": true, "245": true, "246": true, "247": true, "248": true, "249": true, "250": true, "251": true, "252": true, "253": true, "254": true, "255": true, "256": true, "257": true, "258": true, "259": true, "260": true, "261": true, "262": true, "263": true, "264": true, "265": true, "266": true, "267": true, "268": true, "269": true, "270": true, "271": true, "272": true, "273": true, "274": true, "275": true, "276": true, "277": true, "278": true, "279": true, "280": true, "281": true, "282": true, "283": true, "284": true, "285": true, "286": true, "287": true, "288": true, "289": true, "290": true, "291": true, "292": true, "293": true, "294": true, "295": true, "296": true, "297": true, "298": true, "299": true, "300": true, "301": true, "302": true, "303": true, "304": true, "305": true, "306": true, "307": true, "308": true, "309": true, "310": true, "311": true, "312": true, "313": true, "314": true, "315": true, "316": true, "317": true, "318": true, "319": true, "320": true, "321": true, "322": true, "323": true, "324": true, "325": true, "326": true, "327": true, "328": true, "329": true, "330": true, "331": true, "332": true, "333": true, "334": true, "335": true, "336": true, "337": true, "338": true, "339": true, "340": true, "341": true, "342": true, "343": true, "344": true, "345": true, "346": true, "347": true, "348": true, "349": true, "350": true, "351": true, "352": true, "353": true, "354": true, "355": true, "356": true, "357": true, "358": true, "359": true, "360": true, "361": true, "362": true, "363": true, "364": true, "365": true, "366": true, "367": true, "368": true, "369": true, "370": true, "371": true, "372": true, "373": true, "374": true, "375": true, "376": true, "377": true, "378": true, "379": true, "380": true, "381": true, "382": true, "383": true, "384": true, "385": true, "386": true, "387": true, "388": true, "389": true, "390": true, "391": true, "[": false, "\"": false, "1": false, "0": false, ",": false, "2": false, "3": false, "6": false, "7": false, "8": false, "9": false, "]": false, "4": false, "5": false}',4);
INSERT INTO stores_store VALUES(3,'central','',12,'Central Coop','ChrisPaine@centralcoop.coop',144,NULL,0,0,0,'{"101": false, "102": false, "103": false, "104": false, "105": false, "106": true, "107": true, "108": true, "109": true, "110": true, "111": true, "112": true, "113": true, "114": true, "115": true, "116": true, "117": true, "118": true, "119": true, "120": true, "121": true, "122": true, "123": true, "124": true, "125": true, "126": true, "127": true, "128": true, "129": true, "130": true, "131": true, "132": true, "133": true, "134": true, "135": true, "136": true, "137": true, "138": true, "139": true, "140": true, "141": true, "142": true, "143": true, "144": true, "145": true, "146": true, "147": true, "148": true, "149": true, "150": true, "151": true, "152": true, "153": true, "154": true, "155": true, "156": true, "157": true, "158": true, "159": true, "160": true, "161": true, "162": true, "163": true, "164": true, "165": true, "166": true, "167": true, "168": true, "169": true, "170": true, "171": true, "172": true, "173": true, "174": true, "175": true, "176": true, "177": true, "178": true, "179": true, "180": true, "181": true, "182": true, "183": true, "184": true, "185": true, "186": true, "187": true, "188": true, "189": true, "190": true, "191": true, "192": true, "193": true, "194": true, "195": true, "196": true, "197": true, "198": true, "199": true, "200": true, "201": true, "202": true, "203": true, "204": true, "205": true, "206": true, "207": true, "208": true, "209": true, "210": true, "211": true, "212": true, "213": true, "214": true, "215": true, "216": true, "217": true, "218": true, "219": true, "220": true, "221": true, "222": true, "223": true, "224": true, "225": true, "226": true, "227": true, "228": true, "229": true, "230": true, "231": true, "232": true, "233": true, "234": true, "235": true, "236": true, "237": true, "238": true, "239": true, "240": true, "241": true, "242": true, "243": true, "244": true, "245": true, "246": true, "247": true, "248": true, "249": true, "250": true, "251": true, "252": true, "253": true, "254": true, "255": true, "256": true, "257": true, "258": true, "259": true, "260": true, "261": true, "262": true, "263": true, "264": true, "265": true, "266": true, "267": true, "268": true, "269": true, "270": true, "271": true, "272": true, "273": true, "274": true, "275": true, "276": true, "277": true, "278": true, "279": true, "280": true, "281": true, "282": true, "283": true, "284": true, "285": true, "286": true, "287": true, "288": true, "289": true, "290": true, "291": true, "292": true, "293": true, "294": true, "295": true, "296": true, "297": true, "298": true, "299": true, "300": true, "301": true, "302": true, "303": true, "304": true, "305": true, "306": true, "307": true, "308": true, "309": true, "310": true, "311": true, "312": true, "313": true, "314": true, "315": true, "316": true, "317": true, "318": true, "319": true, "320": true, "321": true, "322": true, "323": true, "324": true, "325": true, "326": true, "327": true, "328": true, "329": true, "330": true, "331": true, "332": true, "333": true, "334": true, "335": true, "336": true, "337": true, "338": true, "339": true, "340": true, "341": true, "342": true, "343": true, "344": true, "345": true, "346": true, "347": true, "348": true, "349": true, "350": true, "351": true, "352": true, "353": true, "354": true, "355": true, "356": true, "357": true, "358": true, "359": true, "360": true, "361": true, "362": true, "363": true, "364": true, "365": true, "366": true, "367": true, "368": true, "369": true, "370": true, "371": true, "372": true, "373": true, "374": true, "375": true, "376": true, "377": true, "378": true, "379": true, "380": true, "381": true, "382": true, "383": true, "384": true, "385": true, "386": true, "387": true, "388": true, "389": true, "390": true, "391": true, "[": false, "\"": false, "1": false, "0": false, ",": false, "2": false, "3": false, "6": false, "7": false, "8": false, "9": false, "]": false, "4": false, "5": false}',5);
INSERT INTO stores_store VALUES(4,'christiansons','',13,'Christianson''s Nursery','lily.christiansons@gmail.com',98,NULL,0,0,0,'{"101": false, "102": false, "103": false, "104": false, "105": false, "106": true, "107": true, "108": true, "109": true, "110": true, "111": true, "112": true, "113": true, "114": true, "115": true, "116": true, "117": true, "118": true, "119": true, "120": true, "121": true, "122": true, "123": true, "124": true, "125": true, "126": true, "127": true, "128": true, "129": true, "130": true, "131": true, "132": true, "133": true, "134": true, "135": true, "136": true, "137": true, "138": true, "139": true, "140": true, "141": true, "142": true, "143": true, "144": true, "145": true, "146": true, "147": true, "148": true, "149": true, "150": true, "151": true, "152": true, "153": true, "154": true, "155": true, "156": true, "157": true, "158": true, "159": true, "160": true, "161": true, "162": true, "163": true, "164": true, "165": true, "166": true, "167": true, "168": true, "169": true, "170": true, "171": true, "172": true, "173": true, "174": true, "175": true, "176": true, "177": true, "178": true, "179": true, "180": true, "181": true, "182": true, "183": true, "184": true, "185": true, "186": true, "187": true, "188": true, "189": true, "190": true, "191": true, "192": true, "193": true, "194": true, "195": true, "196": true, "197": true, "198": true, "199": true, "200": true, "201": true, "202": true, "203": true, "204": true, "205": true, "206": true, "207": true, "208": true, "209": true, "210": true, "211": true, "212": true, "213": true, "214": true, "215": true, "216": true, "217": true, "218": true, "219": true, "220": true, "221": true, "222": true, "223": true, "224": true, "225": true, "226": true, "227": true, "228": true, "229": true, "230": true, "231": true, "232": true, "233": true, "234": true, "235": true, "236": true, "237": true, "238": true, "239": true, "240": true, "241": true, "242": true, "243": true, "244": true, "245": true, "246": true, "247": true, "248": true, "249": true, "250": true, "251": true, "252": true, "253": true, "254": true, "255": true, "256": true, "257": true, "258": true, "259": true, "260": true, "261": true, "262": true, "263": true, "264": true, "265": true, "266": true, "267": true, "268": true, "269": true, "270": true, "271": true, "272": true, "273": true, "274": true, "275": true, "276": true, "277": true, "278": true, "279": true, "280": true, "281": true, "282": true, "283": true, "284": true, "285": true, "286": true, "287": true, "288": true, "289": true, "290": true, "291": true, "292": true, "293": true, "294": true, "295": true, "296": true, "297": true, "298": true, "299": true, "300": true, "301": true, "302": true, "303": true, "304": true, "305": true, "306": true, "307": true, "308": true, "309": true, "310": true, "311": true, "312": true, "313": true, "314": true, "315": true, "316": true, "317": true, "318": true, "319": true, "320": true, "321": true, "322": true, "323": true, "324": true, "325": true, "326": true, "327": true, "328": true, "329": true, "330": true, "331": true, "332": true, "333": true, "334": true, "335": true, "336": true, "337": true, "338": true, "339": true, "340": true, "341": true, "342": true, "343": true, "344": true, "345": true, "346": true, "347": true, "348": true, "349": true, "350": true, "351": true, "352": true, "353": true, "354": true, "355": true, "356": true, "357": true, "358": true, "359": true, "360": true, "361": true, "362": true, "363": true, "364": true, "365": true, "366": true, "367": true, "368": true, "369": true, "370": true, "371": true, "372": true, "373": true, "374": true, "375": true, "376": true, "377": true, "378": true, "379": true, "380": true, "381": true, "382": true, "383": true, "384": true, "385": true, "386": true, "387": true, "388": true, "389": true, "390": true, "391": true, "[": false, "\"": false, "1": false, "0": false, ",": false, "2": false, "3": false, "6": false, "7": false, "8": false, "9": false, "]": false, "4": false, "5": false}',6);
INSERT INTO stores_store VALUES(5,'cloudmountain','',14,'Cloud Mountain Farm Center','terry@cloudmountainfarmcenter.org',56,NULL,0,0,0,'{"101": false, "102": false, "103": false, "104": false, "105": false, "106": true, "107": true, "108": true, "109": true, "110": true, "111": true, "112": true, "113": true, "114": true, "115": true, "116": true, "117": true, "118": true, "119": true, "120": true, "121": true, "122": true, "123": true, "124": true, "125": true, "126": true, "127": true, "128": true, "129": true, "130": true, "131": true, "132": true, "133": true, "134": true, "135": true, "136": true, "137": true, "138": true, "139": true, "140": true, "141": true, "142": true, "143": true, "144": true, "145": true, "146": true, "147": true, "148": true, "149": true, "150": true, "151": true, "152": true, "153": true, "154": true, "155": true, "156": true, "157": true, "158": true, "159": true, "160": true, "161": true, "162": true, "163": true, "164": true, "165": true, "166": true, "167": true, "168": true, "169": true, "170": true, "171": true, "172": true, "173": true, "174": true, "175": true, "176": true, "177": true, "178": true, "179": true, "180": true, "181": true, "182": true, "183": true, "184": true, "185": true, "186": true, "187": true, "188": true, "189": true, "190": true, "191": true, "192": true, "193": true, "194": true, "195": true, "196": true, "197": true, "198": true, "199": true, "200": true, "201": true, "202": true, "203": true, "204": true, "205": true, "206": true, "207": true, "208": true, "209": true, "210": true, "211": true, "212": true, "213": true, "214": true, "215": true, "216": true, "217": true, "218": true, "219": true, "220": true, "221": true, "222": true, "223": true, "224": true, "225": true, "226": true, "227": true, "228": true, "229": true, "230": true, "231": true, "232": true, "233": true, "234": true, "235": true, "236": true, "237": true, "238": true, "239": true, "240": true, "241": true, "242": true, "243": true, "244": true, "245": true, "246": true, "247": true, "248": true, "249": true, "250": true, "251": true, "252": true, "253": true, "254": true, "255": true, "256": true, "257": true, "258": true, "259": true, "260": true, "261": true, "262": true, "263": true, "264": true, "265": true, "266": true, "267": true, "268": true, "269": true, "270": true, "271": true, "272": true, "273": true, "274": true, "275": true, "276": true, "277": true, "278": true, "279": true, "280": true, "281": true, "282": true, "283": true, "284": true, "285": true, "286": true, "287": true, "288": true, "289": true, "290": true, "291": true, "292": true, "293": true, "294": true, "295": true, "296": true, "297": true, "298": true, "299": true, "300": true, "301": true, "302": true, "303": true, "304": true, "305": true, "306": true, "307": true, "308": true, "309": true, "310": true, "311": true, "312": true, "313": true, "314": true, "315": true, "316": true, "317": true, "318": true, "319": true, "320": true, "321": true, "322": true, "323": true, "324": true, "325": true, "326": true, "327": true, "328": true, "329": true, "330": true, "331": true, "332": true, "333": true, "334": true, "335": true, "336": true, "337": true, "338": true, "339": true, "340": true, "341": true, "342": true, "343": true, "344": true, "345": true, "346": true, "347": true, "348": true, "349": true, "350": true, "351": true, "352": true, "353": true, "354": true, "355": true, "356": true, "357": true, "358": true, "359": true, "360": true, "361": true, "362": true, "363": true, "364": true, "365": true, "366": true, "367": true, "368": true, "369": true, "370": true, "371": true, "372": true, "373": true, "374": true, "375": true, "376": true, "377": true, "378": true, "379": true, "380": true, "381": true, "382": true, "383": true, "384": true, "385": true, "386": true, "387": true, "388": true, "389": true, "390": true, "391": true, "[": false, "\"": false, "1": false, "0": false, ",": false, "2": false, "3": false, "6": false, "7": false, "8": false, "9": false, "]": false, "4": false, "5": false}',7);
INSERT INTO stores_store VALUES(6,'cordata','',15,'Community Food Coop - Cordata','camillek@communityfood.coop',144,NULL,0,0,0,'{"101": false, "102": false, "103": false, "104": false, "105": false, "106": true, "107": true, "108": true, "109": true, "110": true, "111": true, "112": true, "113": true, "114": true, "115": true, "116": true, "117": true, "118": true, "119": true, "120": true, "121": true, "122": true, "123": true, "124": true, "125": true, "126": true, "127": true, "128": true, "129": true, "130": true, "131": true, "132": true, "133": true, "134": true, "135": true, "136": true, "137": true, "138": true, "139": true, "140": true, "141": true, "142": true, "143": true, "144": true, "145": true, "146": true, "147": true, "148": true, "149": true, "150": true, "151": true, "152": true, "153": true, "154": true, "155": true, "156": true, "157": true, "158": true, "159": true, "160": true, "161": true, "162": true, "163": true, "164": true, "165": true, "166": true, "167": true, "168": true, "169": true, "170": true, "171": true, "172": true, "173": true, "174": true, "175": true, "176": true, "177": true, "178": true, "179": true, "180": true, "181": true, "182": true, "183": true, "184": true, "185": true, "186": true, "187": true, "188": true, "189": true, "190": true, "191": true, "192": true, "193": true, "194": true, "195": true, "196": true, "197": true, "198": true, "199": true, "200": true, "201": true, "202": true, "203": true, "204": true, "205": true, "206": true, "207": true, "208": true, "209": true, "210": true, "211": true, "212": true, "213": true, "214": true, "215": true, "216": true, "217": true, "218": true, "219": true, "220": true, "221": true, "222": true, "223": true, "224": true, "225": true, "226": true, "227": true, "228": true, "229": true, "230": true, "231": true, "232": true, "233": true, "234": true, "235": true, "236": true, "237": true, "238": true, "239": true, "240": true, "241": true, "242": true, "243": true, "244": true, "245": true, "246": true, "247": true, "248": true, "249": true, "250": true, "251": true, "252": true, "253": true, "254": true, "255": true, "256": true, "257": true, "258": true, "259": true, "260": true, "261": true, "262": true, "263": true, "264": true, "265": true, "266": true, "267": true, "268": true, "269": true, "270": true, "271": true, "272": true, "273": true, "274": true, "275": true, "276": true, "277": true, "278": true, "279": true, "280": true, "281": true, "282": true, "283": true, "284": true, "285": true, "286": true, "287": true, "288": true, "289": true, "290": true, "291": true, "292": true, "293": true, "294": true, "295": true, "296": true, "297": true, "298": true, "299": true, "300": true, "301": true, "302": true, "303": true, "304": true, "305": true, "306": true, "307": true, "308": true, "309": true, "310": true, "311": true, "312": true, "313": true, "314": true, "315": true, "316": true, "317": true, "318": true, "319": true, "320": true, "321": true, "322": true, "323": true, "324": true, "325": true, "326": true, "327": true, "328": true, "329": true, "330": true, "331": true, "332": true, "333": true, "334": true, "335": true, "336": true, "337": true, "338": true, "339": true, "340": true, "341": true, "342": true, "343": true, "344": true, "345": true, "346": true, "347": true, "348": true, "349": true, "350": true, "351": true, "352": true, "353": true, "354": true, "355": true, "356": true, "357": true, "358": true, "359": true, "360": true, "361": true, "362": true, "363": true, "364": true, "365": true, "366": true, "367": true, "368": true, "369": true, "370": true, "371": true, "372": true, "373": true, "374": true, "375": true, "376": true, "377": true, "378": true, "379": true, "380": true, "381": true, "382": true, "383": true, "384": true, "385": true, "386": true, "387": true, "388": true, "389": true, "390": true, "391": true, "[": false, "\"": false, "1": false, "0": false, ",": false, "2": false, "3": false, "6": false, "7": false, "8": false, "9": false, "]": false, "4": false, "5": false}',8);
INSERT INTO stores_store VALUES(7,'downtown','',16,'Community Food Coop - Downtown','HankB@Communityfood.coop',144,NULL,0,0,0,'{"101": false, "102": false, "103": false, "104": false, "105": false, "106": true, "107": true, "108": true, "109": true, "110": true, "111": true, "112": true, "113": true, "114": true, "115": true, "116": true, "117": true, "118": true, "119": true, "120": true, "121": true, "122": true, "123": true, "124": true, "125": true, "126": true, "127": true, "128": true, "129": true, "130": true, "131": true, "132": true, "133": true, "134": true, "135": true, "136": true, "137": true, "138": true, "139": true, "140": true, "141": true, "142": true, "143": true, "144": true, "145": true, "146": true, "147": true, "148": true, "149": true, "150": true, "151": true, "152": true, "153": true, "154": true, "155": true, "156": true, "157": true, "158": true, "159": true, "160": true, "161": true, "162": true, "163": true, "164": true, "165": true, "166": true, "167": true, "168": true, "169": true, "170": true, "171": true, "172": true, "173": true, "174": true, "175": true, "176": true, "177": true, "178": true, "179": true, "180": true, "181": true, "182": true, "183": true, "184": true, "185": true, "186": true, "187": true, "188": true, "189": true, "190": true, "191": true, "192": true, "193": true, "194": true, "195": true, "196": true, "197": true, "198": true, "199": true, "200": true, "201": true, "202": true, "203": true, "204": true, "205": true, "206": true, "207": true, "208": true, "209": true, "210": true, "211": true, "212": true, "213": true, "214": true, "215": true, "216": true, "217": true, "218": true, "219": true, "220": true, "221": true, "222": true, "223": true, "224": true, "225": true, "226": true, "227": true, "228": true, "229": true, "230": true, "231": true, "232": true, "233": true, "234": true, "235": true, "236": true, "237": true, "238": true, "239": true, "240": true, "241": true, "242": true, "243": true, "244": true, "245": true, "246": true, "247": true, "248": true, "249": true, "250": true, "251": true, "252": true, "253": true, "254": true, "255": true, "256": true, "257": true, "258": true, "259": true, "260": true, "261": true, "262": true, "263": true, "264": true, "265": true, "266": true, "267": true, "268": true, "269": true, "270": true, "271": true, "272": true, "273": true, "274": true, "275": true, "276": true, "277": true, "278": true, "279": true, "280": true, "281": true, "282": true, "283": true, "284": true, "285": true, "286": true, "287": true, "288": true, "289": true, "290": true, "291": true, "292": true, "293": true, "294": true, "295": true, "296": true, "297": true, "298": true, "299": true, "300": true, "301": true, "302": true, "303": true, "304": true, "305": true, "306": true, "307": true, "308": true, "309": true, "310": true, "311": true, "312": true, "313": true, "314": true, "315": true, "316": true, "317": true, "318": true, "319": true, "320": true, "321": true, "322": true, "323": true, "324": true, "325": true, "326": true, "327": true, "328": true, "329": true, "330": true, "331": true, "332": true, "333": true, "334": true, "335": true, "336": true, "337": true, "338": true, "339": true, "340": true, "341": true, "342": true, "343": true, "344": true, "345": true, "346": true, "347": true, "348": true, "349": true, "350": true, "351": true, "352": true, "353": true, "354": true, "355": true, "356": true, "357": true, "358": true, "359": true, "360": true, "361": true, "362": true, "363": true, "364": true, "365": true, "366": true, "367": true, "368": true, "369": true, "370": true, "371": true, "372": true, "373": true, "374": true, "375": true, "376": true, "377": true, "378": true, "379": true, "380": true, "381": true, "382": true, "383": true, "384": true, "385": true, "386": true, "387": true, "388": true, "389": true, "390": true, "391": true, "[": false, "\"": false, "1": false, "0": false, ",": false, "2": false, "3": false, "6": false, "7": false, "8": false, "9": false, "]": false, "4": false, "5": false}',9);
INSERT INTO stores_store VALUES(8,'concentrates','',17,'Concentrates','pat@concentratesnw.com',56,NULL,0,0,0,'{"101": false, "102": false, "103": false, "104": false, "105": false, "106": true, "107": true, "108": true, "109": true, "110": true, "111": true, "112": true, "113": true, "114": true, "115": true, "116": true, "117": true, "118": true, "119": true, "120": true, "121": true, "122": true, "123": true, "124": true, "125": true, "126": true, "127": true, "128": true, "129": true, "130": true, "131": true, "132": true, "133": true, "134": true, "135": true, "136": true, "137": true, "138": true, "139": true, "140": true, "141": true, "142": true, "143": true, "144": true, "145": true, "146": true, "147": true, "148": true, "149": true, "150": true, "151": true, "152": true, "153": true, "154": true, "155": true, "156": true, "157": true, "158": true, "159": true, "160": true, "161": true, "162": true, "163": true, "164": true, "165": true, "166": true, "167": true, "168": true, "169": true, "170": true, "171": true, "172": true, "173": true, "174": true, "175": true, "176": true, "177": true, "178": true, "179": true, "180": true, "181": true, "182": true, "183": true, "184": true, "185": true, "186": true, "187": true, "188": true, "189": true, "190": true, "191": true, "192": true, "193": true, "194": true, "195": true, "196": true, "197": true, "198": true, "199": true, "200": true, "201": true, "202": true, "203": true, "204": true, "205": true, "206": true, "207": true, "208": true, "209": true, "210": true, "211": true, "212": true, "213": true, "214": true, "215": true, "216": true, "217": true, "218": true, "219": true, "220": true, "221": true, "222": true, "223": true, "224": true, "225": true, "226": true, "227": true, "228": true, "229": true, "230": true, "231": true, "232": true, "233": true, "234": true, "235": true, "236": true, "237": true, "238": true, "239": true, "240": true, "241": true, "242": true, "243": true, "244": true, "245": true, "246": true, "247": true, "248": true, "249": true, "250": true, "251": true, "252": true, "253": true, "254": true, "255": true, "256": true, "257": true, "258": true, "259": true, "260": true, "261": true, "262": true, "263": true, "264": true, "265": true, "266": true, "267": true, "268": true, "269": true, "270": true, "271": true, "272": true, "273": true, "274": true, "275": true, "276": true, "277": true, "278": true, "279": true, "280": true, "281": true, "282": true, "283": true, "284": true, "285": true, "286": true, "287": true, "288": true, "289": true, "290": true, "291": true, "292": true, "293": true, "294": true, "295": true, "296": true, "297": true, "298": true, "299": true, "300": true, "301": true, "302": true, "303": true, "304": true, "305": true, "306": true, "307": true, "308": true, "309": true, "310": true, "311": true, "312": true, "313": true, "314": true, "315": true, "316": true, "317": true, "318": true, "319": true, "320": true, "321": true, "322": true, "323": true, "324": true, "325": true, "326": true, "327": true, "328": true, "329": true, "330": true, "331": true, "332": true, "333": true, "334": true, "335": true, "336": true, "337": true, "338": true, "339": true, "340": true, "341": true, "342": true, "343": true, "344": true, "345": true, "346": true, "347": true, "348": true, "349": true, "350": true, "351": true, "352": true, "353": true, "354": true, "355": true, "356": true, "357": true, "358": true, "359": true, "360": true, "361": true, "362": true, "363": true, "364": true, "365": true, "366": true, "367": true, "368": true, "369": true, "370": true, "371": true, "372": true, "373": true, "374": true, "375": true, "376": true, "377": true, "378": true, "379": true, "380": true, "381": true, "382": true, "383": true, "384": true, "385": true, "386": true, "387": true, "388": true, "389": true, "390": true, "391": true, "[": false, "\"": false, "1": false, "0": false, ",": false, "2": false, "3": false, "6": false, "7": false, "8": false, "9": false, "]": false, "4": false, "5": false}',10);
INSERT INTO stores_store VALUES(9,'crossroads','',18,'Crossroads Grocery','crossroadsgrocery@gmail.com',56,NULL,0,0,0,'{"101": false, "102": false, "103": false, "104": false, "105": false, "106": true, "107": true, "108": true, "109": true, "110": true, "111": true, "112": true, "113": true, "114": true, "115": true, "116": true, "117": true, "118": true, "119": true, "120": true, "121": true, "122": true, "123": true, "124": true, "125": true, "126": true, "127": true, "128": true, "129": true, "130": true, "131": true, "132": true, "133": true, "134": true, "135": true, "136": true, "137": true, "138": true, "139": true, "140": true, "141": true, "142": true, "143": true, "144": true, "145": true, "146": true, "147": true, "148": true, "149": true, "150": true, "151": true, "152": true, "153": true, "154": true, "155": true, "156": true, "157": true, "158": true, "159": true, "160": true, "161": true, "162": true, "163": true, "164": true, "165": true, "166": true, "167": true, "168": true, "169": true, "170": true, "171": true, "172": true, "173": true, "174": true, "175": true, "176": true, "177": true, "178": true, "179": true, "180": true, "181": true, "182": true, "183": true, "184": true, "185": true, "186": true, "187": true, "188": true, "189": true, "190": true, "191": true, "192": true, "193": true, "194": true, "195": true, "196": true, "197": true, "198": true, "199": true, "200": true, "201": true, "202": true, "203": true, "204": true, "205": true, "206": true, "207": true, "208": true, "209": true, "210": true, "211": true, "212": true, "213": true, "214": true, "215": true, "216": true, "217": true, "218": true, "219": true, "220": true, "221": true, "222": true, "223": true, "224": true, "225": true, "226": true, "227": true, "228": true, "229": true, "230": true, "231": true, "232": true, "233": true, "234": true, "235": true, "236": true, "237": true, "238": true, "239": true, "240": true, "241": true, "242": true, "243": true, "244": true, "245": true, "246": true, "247": true, "248": true, "249": true, "250": true, "251": true, "252": true, "253": true, "254": true, "255": true, "256": true, "257": true, "258": true, "259": true, "260": true, "261": true, "262": true, "263": true, "264": true, "265": true, "266": true, "267": true, "268": true, "269": true, "270": true, "271": true, "272": true, "273": true, "274": true, "275": true, "276": true, "277": true, "278": true, "279": true, "280": true, "281": true, "282": true, "283": true, "284": true, "285": true, "286": true, "287": true, "288": true, "289": true, "290": true, "291": true, "292": true, "293": true, "294": true, "295": true, "296": true, "297": true, "298": true, "299": true, "300": true, "301": true, "302": true, "303": true, "304": true, "305": true, "306": true, "307": true, "308": true, "309": true, "310": true, "311": true, "312": true, "313": true, "314": true, "315": true, "316": true, "317": true, "318": true, "319": true, "320": true, "321": true, "322": true, "323": true, "324": true, "325": true, "326": true, "327": true, "328": true, "329": true, "330": true, "331": true, "332": true, "333": true, "334": true, "335": true, "336": true, "337": true, "338": true, "339": true, "340": true, "341": true, "342": true, "343": true, "344": true, "345": true, "346": true, "347": true, "348": true, "349": true, "350": true, "351": true, "352": true, "353": true, "354": true, "355": true, "356": true, "357": true, "358": true, "359": true, "360": true, "361": true, "362": true, "363": true, "364": true, "365": true, "366": true, "367": true, "368": true, "369": true, "370": true, "371": true, "372": true, "373": true, "374": true, "375": true, "376": true, "377": true, "378": true, "379": true, "380": true, "381": true, "382": true, "383": true, "384": true, "385": true, "386": true, "387": true, "388": true, "389": true, "390": true, "391": true, "[": false, "\"": false, "1": false, "0": false, ",": false, "2": false, "3": false, "6": false, "7": false, "8": false, "9": false, "]": false, "4": false, "5": false}',11);
INSERT INTO stores_store VALUES(10,'foodfront','',19,'Food Front','michael@foodfront.coop',33,NULL,0,0,0,'{"101": false, "102": false, "103": false, "104": false, "105": false, "106": true, "107": true, "108": true, "109": true, "110": true, "111": true, "112": true, "113": true, "114": true, "115": true, "116": true, "117": true, "118": true, "119": true, "120": true, "121": true, "122": true, "123": true, "124": true, "125": true, "126": true, "127": true, "128": true, "129": true, "130": true, "131": true, "132": true, "133": true, "134": true, "135": true, "136": true, "137": true, "138": true, "139": true, "140": true, "141": true, "142": true, "143": true, "144": true, "145": true, "146": true, "147": true, "148": true, "149": true, "150": true, "151": true, "152": true, "153": true, "154": true, "155": true, "156": true, "157": true, "158": true, "159": true, "160": true, "161": true, "162": true, "163": true, "164": true, "165": true, "166": true, "167": true, "168": true, "169": true, "170": true, "171": true, "172": true, "173": true, "174": true, "175": true, "176": true, "177": true, "178": true, "179": true, "180": true, "181": true, "182": true, "183": true, "184": true, "185": true, "186": true, "187": true, "188": true, "189": true, "190": true, "191": true, "192": true, "193": true, "194": true, "195": true, "196": true, "197": true, "198": true, "199": true, "200": true, "201": true, "202": true, "203": true, "204": true, "205": true, "206": true, "207": true, "208": true, "209": true, "210": true, "211": true, "212": true, "213": true, "214": true, "215": true, "216": true, "217": true, "218": true, "219": true, "220": true, "221": true, "222": true, "223": true, "224": true, "225": true, "226": true, "227": true, "228": true, "229": true, "230": true, "231": true, "232": true, "233": true, "234": true, "235": true, "236": true, "237": true, "238": true, "239": true, "240": true, "241": true, "242": true, "243": true, "244": true, "245": true, "246": true, "247": true, "248": true, "249": true, "250": true, "251": true, "252": true, "253": true, "254": true, "255": true, "256": true, "257": true, "258": true, "259": true, "260": true, "261": true, "262": true, "263": true, "264": true, "265": true, "266": true, "267": true, "268": true, "269": true, "270": true, "271": true, "272": true, "273": true, "274": true, "275": true, "276": true, "277": true, "278": true, "279": true, "280": true, "281": true, "282": true, "283": true, "284": true, "285": true, "286": true, "287": true, "288": true, "289": true, "290": true, "291": true, "292": true, "293": true, "294": true, "295": true, "296": true, "297": true, "298": true, "299": true, "300": true, "301": true, "302": true, "303": true, "304": true, "305": true, "306": true, "307": true, "308": true, "309": true, "310": true, "311": true, "312": true, "313": true, "314": true, "315": true, "316": true, "317": true, "318": true, "319": true, "320": true, "321": true, "322": true, "323": true, "324": true, "325": true, "326": true, "327": true, "328": true, "329": true, "330": true, "331": true, "332": true, "333": true, "334": true, "335": true, "336": true, "337": true, "338": true, "339": true, "340": true, "341": true, "342": true, "343": true, "344": true, "345": true, "346": true, "347": true, "348": true, "349": true, "350": true, "351": true, "352": true, "353": true, "354": true, "355": true, "356": true, "357": true, "358": true, "359": true, "360": true, "361": true, "362": true, "363": true, "364": true, "365": true, "366": true, "367": true, "368": true, "369": true, "370": true, "371": true, "372": true, "373": true, "374": true, "375": true, "376": true, "377": true, "378": true, "379": true, "380": true, "381": true, "382": true, "383": true, "384": true, "385": true, "386": true, "387": true, "388": true, "389": true, "390": true, "391": true, "[": false, "\"": false, "1": false, "0": false, ",": false, "2": false, "3": false, "6": false, "7": false, "8": false, "9": false, "]": false, "4": false, "5": false}',12);
INSERT INTO stores_store VALUES(11,'mainmarket','',20,'Main Market Coop','produce@mainmarket.coop',56,NULL,0,0,0,'{"101": false, "102": false, "103": false, "104": false, "105": false, "106": true, "107": true, "108": true, "109": true, "110": true, "111": true, "112": true, "113": true, "114": true, "115": true, "116": true, "117": true, "118": true, "119": true, "120": true, "121": true, "122": true, "123": true, "124": true, "125": true, "126": true, "127": true, "128": true, "129": true, "130": true, "131": true, "132": true, "133": true, "134": true, "135": true, "136": true, "137": true, "138": true, "139": true, "140": true, "141": true, "142": true, "143": true, "144": true, "145": true, "146": true, "147": true, "148": true, "149": true, "150": true, "151": true, "152": true, "153": true, "154": true, "155": true, "156": true, "157": true, "158": true, "159": true, "160": true, "161": true, "162": true, "163": true, "164": true, "165": true, "166": true, "167": true, "168": true, "169": true, "170": true, "171": true, "172": true, "173": true, "174": true, "175": true, "176": true, "177": true, "178": true, "179": true, "180": true, "181": true, "182": true, "183": true, "184": true, "185": true, "186": true, "187": true, "188": true, "189": true, "190": true, "191": true, "192": true, "193": true, "194": true, "195": true, "196": true, "197": true, "198": true, "199": true, "200": true, "201": true, "202": true, "203": true, "204": true, "205": true, "206": true, "207": true, "208": true, "209": true, "210": true, "211": true, "212": true, "213": true, "214": true, "215": true, "216": true, "217": true, "218": true, "219": true, "220": true, "221": true, "222": true, "223": true, "224": true, "225": true, "226": true, "227": true, "228": true, "229": true, "230": true, "231": true, "232": true, "233": true, "234": true, "235": true, "236": true, "237": true, "238": true, "239": true, "240": true, "241": true, "242": true, "243": true, "244": true, "245": true, "246": true, "247": true, "248": true, "249": true, "250": true, "251": true, "252": true, "253": true, "254": true, "255": true, "256": true, "257": true, "258": true, "259": true, "260": true, "261": true, "262": true, "263": true, "264": true, "265": true, "266": true, "267": true, "268": true, "269": true, "270": true, "271": true, "272": true, "273": true, "274": true, "275": true, "276": true, "277": true, "278": true, "279": true, "280": true, "281": true, "282": true, "283": true, "284": true, "285": true, "286": true, "287": true, "288": true, "289": true, "290": true, "291": true, "292": true, "293": true, "294": true, "295": true, "296": true, "297": true, "298": true, "299": true, "300": true, "301": true, "302": true, "303": true, "304": true, "305": true, "306": true, "307": true, "308": true, "309": true, "310": true, "311": true, "312": true, "313": true, "314": true, "315": true, "316": true, "317": true, "318": true, "319": true, "320": true, "321": true, "322": true, "323": true, "324": true, "325": true, "326": true, "327": true, "328": true, "329": true, "330": true, "331": true, "332": true, "333": true, "334": true, "335": true, "336": true, "337": true, "338": true, "339": true, "340": true, "341": true, "342": true, "343": true, "344": true, "345": true, "346": true, "347": true, "348": true, "349": true, "350": true, "351": true, "352": true, "353": true, "354": true, "355": true, "356": true, "357": true, "358": true, "359": true, "360": true, "361": true, "362": true, "363": true, "364": true, "365": true, "366": true, "367": true, "368": true, "369": true, "370": true, "371": true, "372": true, "373": true, "374": true, "375": true, "376": true, "377": true, "378": true, "379": true, "380": true, "381": true, "382": true, "383": true, "384": true, "385": true, "386": true, "387": true, "388": true, "389": true, "390": true, "391": true, "[": false, "\"": false, "1": false, "0": false, ",": false, "2": false, "3": false, "6": false, "7": false, "8": false, "9": false, "]": false, "4": false, "5": false}',13);
INSERT INTO stores_store VALUES(12,'mountaincommunity','',21,'Mountain Community Coop','store@mountaincommunitycoop.org',41,NULL,0,0,0,'{"101": false, "102": false, "103": false, "104": false, "105": false, "106": true, "107": true, "108": true, "109": true, "110": true, "111": true, "112": true, "113": true, "114": true, "115": true, "116": true, "117": true, "118": true, "119": true, "120": true, "121": true, "122": true, "123": true, "124": true, "125": true, "126": true, "127": true, "128": true, "129": true, "130": true, "131": true, "132": true, "133": true, "134": true, "135": true, "136": true, "137": true, "138": true, "139": true, "140": true, "141": true, "142": true, "143": true, "144": true, "145": true, "146": true, "147": true, "148": true, "149": true, "150": true, "151": true, "152": true, "153": true, "154": true, "155": true, "156": true, "157": true, "158": true, "159": true, "160": true, "161": true, "162": true, "163": true, "164": true, "165": true, "166": true, "167": true, "168": true, "169": true, "170": true, "171": true, "172": true, "173": true, "174": true, "175": true, "176": true, "177": true, "178": true, "179": true, "180": true, "181": true, "182": true, "183": true, "184": true, "185": true, "186": true, "187": true, "188": true, "189": true, "190": true, "191": true, "192": true, "193": true, "194": true, "195": true, "196": true, "197": true, "198": true, "199": true, "200": true, "201": true, "202": true, "203": true, "204": true, "205": true, "206": true, "207": true, "208": true, "209": true, "210": true, "211": true, "212": true, "213": true, "214": true, "215": true, "216": true, "217": true, "218": true, "219": true, "220": true, "221": true, "222": true, "223": true, "224": true, "225": true, "226": true, "227": true, "228": true, "229": true, "230": true, "231": true, "232": true, "233": true, "234": true, "235": true, "236": true, "237": true, "238": true, "239": true, "240": true, "241": true, "242": true, "243": true, "244": true, "245": true, "246": true, "247": true, "248": true, "249": true, "250": true, "251": true, "252": true, "253": true, "254": true, "255": true, "256": true, "257": true, "258": true, "259": true, "260": true, "261": true, "262": true, "263": true, "264": true, "265": true, "266": true, "267": true, "268": true, "269": true, "270": true, "271": true, "272": true, "273": true, "274": true, "275": true, "276": true, "277": true, "278": true, "279": true, "280": true, "281": true, "282": true, "283": true, "284": true, "285": true, "286": true, "287": true, "288": true, "289": true, "290": true, "291": true, "292": true, "293": true, "294": true, "295": true, "296": true, "297": true, "298": true, "299": true, "300": true, "301": true, "302": true, "303": true, "304": true, "305": true, "306": true, "307": true, "308": true, "309": true, "310": true, "311": true, "312": true, "313": true, "314": true, "315": true, "316": true, "317": true, "318": true, "319": true, "320": true, "321": true, "322": true, "323": true, "324": true, "325": true, "326": true, "327": true, "328": true, "329": true, "330": true, "331": true, "332": true, "333": true, "334": true, "335": true, "336": true, "337": true, "338": true, "339": true, "340": true, "341": true, "342": true, "343": true, "344": true, "345": true, "346": true, "347": true, "348": true, "349": true, "350": true, "351": true, "352": true, "353": true, "354": true, "355": true, "356": true, "357": true, "358": true, "359": true, "360": true, "361": true, "362": true, "363": true, "364": true, "365": true, "366": true, "367": true, "368": true, "369": true, "370": true, "371": true, "372": true, "373": true, "374": true, "375": true, "376": true, "377": true, "378": true, "379": true, "380": true, "381": true, "382": true, "383": true, "384": true, "385": true, "386": true, "387": true, "388": true, "389": true, "390": true, "391": true, "[": false, "\"": false, "1": false, "0": false, ",": false, "2": false, "3": false, "6": false, "7": false, "8": false, "9": false, "]": false, "4": false, "5": false}',14);
INSERT INTO stores_store VALUES(13,'mygarden','',22,'My Garden','mygardennursery@gmail.com',56,NULL,0,0,0,'{"101": false, "102": false, "103": false, "104": false, "105": false, "106": true, "107": true, "108": true, "109": true, "110": true, "111": true, "112": true, "113": true, "114": true, "115": true, "116": true, "117": true, "118": true, "119": true, "120": true, "121": true, "122": true, "123": true, "124": true, "125": true, "126": true, "127": true, "128": true, "129": true, "130": true, "131": true, "132": true, "133": true, "134": true, "135": true, "136": true, "137": true, "138": true, "139": true, "140": true, "141": true, "142": true, "143": true, "144": true, "145": true, "146": true, "147": true, "148": true, "149": true, "150": true, "151": true, "152": true, "153": true, "154": true, "155": true, "156": true, "157": true, "158": true, "159": true, "160": true, "161": true, "162": true, "163": true, "164": true, "165": true, "166": true, "167": true, "168": true, "169": true, "170": true, "171": true, "172": true, "173": true, "174": true, "175": true, "176": true, "177": true, "178": true, "179": true, "180": true, "181": true, "182": true, "183": true, "184": true, "185": true, "186": true, "187": true, "188": true, "189": true, "190": true, "191": true, "192": true, "193": true, "194": true, "195": true, "196": true, "197": true, "198": true, "199": true, "200": true, "201": true, "202": true, "203": true, "204": true, "205": true, "206": true, "207": true, "208": true, "209": true, "210": true, "211": true, "212": true, "213": true, "214": true, "215": true, "216": true, "217": true, "218": true, "219": true, "220": true, "221": true, "222": true, "223": true, "224": true, "225": true, "226": true, "227": true, "228": true, "229": true, "230": true, "231": true, "232": true, "233": true, "234": true, "235": true, "236": true, "237": true, "238": true, "239": true, "240": true, "241": true, "242": true, "243": true, "244": true, "245": true, "246": true, "247": true, "248": true, "249": true, "250": true, "251": true, "252": true, "253": true, "254": true, "255": true, "256": true, "257": true, "258": true, "259": true, "260": true, "261": true, "262": true, "263": true, "264": true, "265": true, "266": true, "267": true, "268": true, "269": true, "270": true, "271": true, "272": true, "273": true, "274": true, "275": true, "276": true, "277": true, "278": true, "279": true, "280": true, "281": true, "282": true, "283": true, "284": true, "285": true, "286": true, "287": true, "288": true, "289": true, "290": true, "291": true, "292": true, "293": true, "294": true, "295": true, "296": true, "297": true, "298": true, "299": true, "300": true, "301": true, "302": true, "303": true, "304": true, "305": true, "306": true, "307": true, "308": true, "309": true, "310": true, "311": true, "312": true, "313": true, "314": true, "315": true, "316": true, "317": true, "318": true, "319": true, "320": true, "321": true, "322": true, "323": true, "324": true, "325": true, "326": true, "327": true, "328": true, "329": true, "330": true, "331": true, "332": true, "333": true, "334": true, "335": true, "336": true, "337": true, "338": true, "339": true, "340": true, "341": true, "342": true, "343": true, "344": true, "345": true, "346": true, "347": true, "348": true, "349": true, "350": true, "351": true, "352": true, "353": true, "354": true, "355": true, "356": true, "357": true, "358": true, "359": true, "360": true, "361": true, "362": true, "363": true, "364": true, "365": true, "366": true, "367": true, "368": true, "369": true, "370": true, "371": true, "372": true, "373": true, "374": true, "375": true, "376": true, "377": true, "378": true, "379": true, "380": true, "381": true, "382": true, "383": true, "384": true, "385": true, "386": true, "387": true, "388": true, "389": true, "390": true, "391": true, "[": false, "\"": false, "1": false, "0": false, ",": false, "2": false, "3": false, "6": false, "7": false, "8": false, "9": false, "]": false, "4": false, "5": false}',15);
INSERT INTO stores_store VALUES(14,'olympiaeast','',23,'Olympia Food Cooperative East','ofcgarden@gmail.com',182,NULL,0,0,0,'{"101": false, "102": false, "103": false, "104": false, "105": false, "106": true, "107": true, "108": true, "109": true, "110": true, "111": true, "112": true, "113": true, "114": true, "115": true, "116": true, "117": true, "118": true, "119": true, "120": true, "121": true, "122": true, "123": true, "124": true, "125": true, "126": true, "127": true, "128": true, "129": true, "130": true, "131": true, "132": true, "133": true, "134": true, "135": true, "136": true, "137": true, "138": true, "139": true, "140": true, "141": true, "142": true, "143": true, "144": true, "145": true, "146": true, "147": true, "148": true, "149": true, "150": true, "151": true, "152": true, "153": true, "154": true, "155": true, "156": true, "157": true, "158": true, "159": true, "160": true, "161": true, "162": true, "163": true, "164": true, "165": true, "166": true, "167": true, "168": true, "169": true, "170": true, "171": true, "172": true, "173": true, "174": true, "175": true, "176": true, "177": true, "178": true, "179": true, "180": true, "181": true, "182": true, "183": true, "184": true, "185": true, "186": true, "187": true, "188": true, "189": true, "190": true, "191": true, "192": true, "193": true, "194": true, "195": true, "196": true, "197": true, "198": true, "199": true, "200": true, "201": true, "202": true, "203": true, "204": true, "205": true, "206": true, "207": true, "208": true, "209": true, "210": true, "211": true, "212": true, "213": true, "214": true, "215": true, "216": true, "217": true, "218": true, "219": true, "220": true, "221": true, "222": true, "223": true, "224": true, "225": true, "226": true, "227": true, "228": true, "229": true, "230": true, "231": true, "232": true, "233": true, "234": true, "235": true, "236": true, "237": true, "238": true, "239": true, "240": true, "241": true, "242": true, "243": true, "244": true, "245": true, "246": true, "247": true, "248": true, "249": true, "250": true, "251": true, "252": true, "253": true, "254": true, "255": true, "256": true, "257": true, "258": true, "259": true, "260": true, "261": true, "262": true, "263": true, "264": true, "265": true, "266": true, "267": true, "268": true, "269": true, "270": true, "271": true, "272": true, "273": true, "274": true, "275": true, "276": true, "277": true, "278": true, "279": true, "280": true, "281": true, "282": true, "283": true, "284": true, "285": true, "286": true, "287": true, "288": true, "289": true, "290": true, "291": true, "292": true, "293": true, "294": true, "295": true, "296": true, "297": true, "298": true, "299": true, "300": true, "301": true, "302": true, "303": true, "304": true, "305": true, "306": true, "307": true, "308": true, "309": true, "310": true, "311": true, "312": true, "313": true, "314": true, "315": true, "316": true, "317": true, "318": true, "319": true, "320": true, "321": true, "322": true, "323": true, "324": true, "325": true, "326": true, "327": true, "328": true, "329": true, "330": true, "331": true, "332": true, "333": true, "334": true, "335": true, "336": true, "337": true, "338": true, "339": true, "340": true, "341": true, "342": true, "343": true, "344": true, "345": true, "346": true, "347": true, "348": true, "349": true, "350": true, "351": true, "352": true, "353": true, "354": true, "355": true, "356": true, "357": true, "358": true, "359": true, "360": true, "361": true, "362": true, "363": true, "364": true, "365": true, "366": true, "367": true, "368": true, "369": true, "370": true, "371": true, "372": true, "373": true, "374": true, "375": true, "376": true, "377": true, "378": true, "379": true, "380": true, "381": true, "382": true, "383": true, "384": true, "385": true, "386": true, "387": true, "388": true, "389": true, "390": true, "391": true, "[": false, "\"": false, "1": false, "0": false, ",": false, "2": false, "3": false, "6": false, "7": false, "8": false, "9": false, "]": false, "4": false, "5": false}',16);
INSERT INTO stores_store VALUES(15,'olympiawest','',24,'Olympia Food Cooperative West','ofcgarden@gmail.com',182,NULL,0,0,0,'{"101": false, "102": false, "103": false, "104": false, "105": false, "106": true, "107": true, "108": true, "109": true, "110": true, "111": true, "112": true, "113": true, "114": true, "115": true, "116": true, "117": true, "118": true, "119": true, "120": true, "121": true, "122": true, "123": true, "124": true, "125": true, "126": true, "127": true, "128": true, "129": true, "130": true, "131": true, "132": true, "133": true, "134": true, "135": true, "136": true, "137": true, "138": true, "139": true, "140": true, "141": true, "142": true, "143": true, "144": true, "145": true, "146": true, "147": true, "148": true, "149": true, "150": true, "151": true, "152": true, "153": true, "154": true, "155": true, "156": true, "157": true, "158": true, "159": true, "160": true, "161": true, "162": true, "163": true, "164": true, "165": true, "166": true, "167": true, "168": true, "169": true, "170": true, "171": true, "172": true, "173": true, "174": true, "175": true, "176": true, "177": true, "178": true, "179": true, "180": true, "181": true, "182": true, "183": true, "184": true, "185": true, "186": true, "187": true, "188": true, "189": true, "190": true, "191": true, "192": true, "193": true, "194": true, "195": true, "196": true, "197": true, "198": true, "199": true, "200": true, "201": true, "202": true, "203": true, "204": true, "205": true, "206": true, "207": true, "208": true, "209": true, "210": true, "211": true, "212": true, "213": true, "214": true, "215": true, "216": true, "217": true, "218": true, "219": true, "220": true, "221": true, "222": true, "223": true, "224": true, "225": true, "226": true, "227": true, "228": true, "229": true, "230": true, "231": true, "232": true, "233": true, "234": true, "235": true, "236": true, "237": true, "238": true, "239": true, "240": true, "241": true, "242": true, "243": true, "244": true, "245": true, "246": true, "247": true, "248": true, "249": true, "250": true, "251": true, "252": true, "253": true, "254": true, "255": true, "256": true, "257": true, "258": true, "259": true, "260": true, "261": true, "262": true, "263": true, "264": true, "265": true, "266": true, "267": true, "268": true, "269": true, "270": true, "271": true, "272": true, "273": true, "274": true, "275": true, "276": true, "277": true, "278": true, "279": true, "280": true, "281": true, "282": true, "283": true, "284": true, "285": true, "286": true, "287": true, "288": true, "289": true, "290": true, "291": true, "292": true, "293": true, "294": true, "295": true, "296": true, "297": true, "298": true, "299": true, "300": true, "301": true, "302": true, "303": true, "304": true, "305": true, "306": true, "307": true, "308": true, "309": true, "310": true, "311": true, "312": true, "313": true, "314": true, "315": true, "316": true, "317": true, "318": true, "319": true, "320": true, "321": true, "322": true, "323": true, "324": true, "325": true, "326": true, "327": true, "328": true, "329": true, "330": true, "331": true, "332": true, "333": true, "334": true, "335": true, "336": true, "337": true, "338": true, "339": true, "340": true, "341": true, "342": true, "343": true, "344": true, "345": true, "346": true, "347": true, "348": true, "349": true, "350": true, "351": true, "352": true, "353": true, "354": true, "355": true, "356": true, "357": true, "358": true, "359": true, "360": true, "361": true, "362": true, "363": true, "364": true, "365": true, "366": true, "367": true, "368": true, "369": true, "370": true, "371": true, "372": true, "373": true, "374": true, "375": true, "376": true, "377": true, "378": true, "379": true, "380": true, "381": true, "382": true, "383": true, "384": true, "385": true, "386": true, "387": true, "388": true, "389": true, "390": true, "391": true, "[": false, "\"": false, "1": false, "0": false, ",": false, "2": false, "3": false, "6": false, "7": false, "8": false, "9": false, "]": false, "4": false, "5": false}',17);
INSERT INTO stores_store VALUES(16,'orcascoop','',25,'Orcas Island Coop','produce.orcas@gmail.com',56,NULL,0,0,0,'{"101": false, "102": false, "103": false, "104": false, "105": false, "106": true, "107": true, "108": true, "109": true, "110": true, "111": true, "112": true, "113": true, "114": true, "115": true, "116": true, "117": true, "118": true, "119": true, "120": true, "121": true, "122": true, "123": true, "124": true, "125": true, "126": true, "127": true, "128": true, "129": true, "130": true, "131": true, "132": true, "133": true, "134": true, "135": true, "136": true, "137": true, "138": true, "139": true, "140": true, "141": true, "142": true, "143": true, "144": true, "145": true, "146": true, "147": true, "148": true, "149": true, "150": true, "151": true, "152": true, "153": true, "154": true, "155": true, "156": true, "157": true, "158": true, "159": true, "160": true, "161": true, "162": true, "163": true, "164": true, "165": true, "166": true, "167": true, "168": true, "169": true, "170": true, "171": true, "172": true, "173": true, "174": true, "175": true, "176": true, "177": true, "178": true, "179": true, "180": true, "181": true, "182": true, "183": true, "184": true, "185": true, "186": true, "187": true, "188": true, "189": true, "190": true, "191": true, "192": true, "193": true, "194": true, "195": true, "196": true, "197": true, "198": true, "199": true, "200": true, "201": true, "202": true, "203": true, "204": true, "205": true, "206": true, "207": true, "208": true, "209": true, "210": true, "211": true, "212": true, "213": true, "214": true, "215": true, "216": true, "217": true, "218": true, "219": true, "220": true, "221": true, "222": true, "223": true, "224": true, "225": true, "226": true, "227": true, "228": true, "229": true, "230": true, "231": true, "232": true, "233": true, "234": true, "235": true, "236": true, "237": true, "238": true, "239": true, "240": true, "241": true, "242": true, "243": true, "244": true, "245": true, "246": true, "247": true, "248": true, "249": true, "250": true, "251": true, "252": true, "253": true, "254": true, "255": true, "256": true, "257": true, "258": true, "259": true, "260": true, "261": true, "262": true, "263": true, "264": true, "265": true, "266": true, "267": true, "268": true, "269": true, "270": true, "271": true, "272": true, "273": true, "274": true, "275": true, "276": true, "277": true, "278": true, "279": true, "280": true, "281": true, "282": true, "283": true, "284": true, "285": true, "286": true, "287": true, "288": true, "289": true, "290": true, "291": true, "292": true, "293": true, "294": true, "295": true, "296": true, "297": true, "298": true, "299": true, "300": true, "301": true, "302": true, "303": true, "304": true, "305": true, "306": true, "307": true, "308": true, "309": true, "310": true, "311": true, "312": true, "313": true, "314": true, "315": true, "316": true, "317": true, "318": true, "319": true, "320": true, "321": true, "322": true, "323": true, "324": true, "325": true, "326": true, "327": true, "328": true, "329": true, "330": true, "331": true, "332": true, "333": true, "334": true, "335": true, "336": true, "337": true, "338": true, "339": true, "340": true, "341": true, "342": true, "343": true, "344": true, "345": true, "346": true, "347": true, "348": true, "349": true, "350": true, "351": true, "352": true, "353": true, "354": true, "355": true, "356": true, "357": true, "358": true, "359": true, "360": true, "361": true, "362": true, "363": true, "364": true, "365": true, "366": true, "367": true, "368": true, "369": true, "370": true, "371": true, "372": true, "373": true, "374": true, "375": true, "376": true, "377": true, "378": true, "379": true, "380": true, "381": true, "382": true, "383": true, "384": true, "385": true, "386": true, "387": true, "388": true, "389": true, "390": true, "391": true, "[": false, "\"": false, "1": false, "0": false, ",": false, "2": false, "3": false, "6": false, "7": false, "8": false, "9": false, "]": false, "4": false, "5": false}',18);
INSERT INTO stores_store VALUES(17,'pcccentral','',26,'PCC *Central Office','noah.smith@pccmarkets.com',0,NULL,0,0,0,'{"101": false, "102": false, "103": false, "104": false, "105": false, "106": true, "107": true, "108": true, "109": true, "110": true, "111": true, "112": true, "113": true, "114": true, "115": true, "116": true, "117": true, "118": true, "119": true, "120": true, "121": true, "122": true, "123": true, "124": true, "125": true, "126": true, "127": true, "128": true, "129": true, "130": true, "131": true, "132": true, "133": true, "134": true, "135": true, "136": true, "137": true, "138": true, "139": true, "140": true, "141": true, "142": true, "143": true, "144": true, "145": true, "146": true, "147": true, "148": true, "149": true, "150": true, "151": true, "152": true, "153": true, "154": true, "155": true, "156": true, "157": true, "158": true, "159": true, "160": true, "161": true, "162": true, "163": true, "164": true, "165": true, "166": true, "167": true, "168": true, "169": true, "170": true, "171": true, "172": true, "173": true, "174": true, "175": true, "176": true, "177": true, "178": true, "179": true, "180": true, "181": true, "182": true, "183": true, "184": true, "185": true, "186": true, "187": true, "188": true, "189": true, "190": true, "191": true, "192": true, "193": true, "194": true, "195": true, "196": true, "197": true, "198": true, "199": true, "200": true, "201": true, "202": true, "203": true, "204": true, "205": true, "206": true, "207": true, "208": true, "209": true, "210": true, "211": true, "212": true, "213": true, "214": true, "215": true, "216": true, "217": true, "218": true, "219": true, "220": true, "221": true, "222": true, "223": true, "224": true, "225": true, "226": true, "227": true, "228": true, "229": true, "230": true, "231": true, "232": true, "233": true, "234": true, "235": true, "236": true, "237": true, "238": true, "239": true, "240": true, "241": true, "242": true, "243": true, "244": true, "245": true, "246": true, "247": true, "248": true, "249": true, "250": true, "251": true, "252": true, "253": true, "254": true, "255": true, "256": true, "257": true, "258": true, "259": true, "260": true, "261": true, "262": true, "263": true, "264": true, "265": true, "266": true, "267": true, "268": true, "269": true, "270": true, "271": true, "272": true, "273": true, "274": true, "275": true, "276": true, "277": true, "278": true, "279": true, "280": true, "281": true, "282": true, "283": true, "284": true, "285": true, "286": true, "287": true, "288": true, "289": true, "290": true, "291": true, "292": true, "293": true, "294": true, "295": true, "296": true, "297": true, "298": true, "299": true, "300": true, "301": true, "302": true, "303": true, "304": true, "305": true, "306": true, "307": true, "308": true, "309": true, "310": true, "311": true, "312": true, "313": true, "314": true, "315": true, "316": true, "317": true, "318": true, "319": true, "320": true, "321": true, "322": true, "323": true, "324": true, "325": true, "326": true, "327": true, "328": true, "329": true, "330": true, "331": true, "332": true, "333": true, "334": true, "335": true, "336": true, "337": true, "338": true, "339": true, "340": true, "341": true, "342": true, "343": true, "344": true, "345": true, "346": true, "347": true, "348": true, "349": true, "350": true, "351": true, "352": true, "353": true, "354": true, "355": true, "356": true, "357": true, "358": true, "359": true, "360": true, "361": true, "362": true, "363": true, "364": true, "365": true, "366": true, "367": true, "368": true, "369": true, "370": true, "371": true, "372": true, "373": true, "374": true, "375": true, "376": true, "377": true, "378": true, "379": true, "380": true, "381": true, "382": true, "383": true, "384": true, "385": true, "386": true, "387": true, "388": true, "389": true, "390": true, "391": true, "[": false, "\"": false, "1": false, "0": false, ",": false, "2": false, "3": false, "6": false, "7": false, "8": false, "9": false, "]": false, "4": false, "5": false}',19);
INSERT INTO stores_store VALUES(18,'pccballard','',27,'PCC Ballard','Gavin.Foltz@pccmarkets.com',56,NULL,0,0,0,'{"101": false, "102": false, "103": false, "104": false, "105": false, "106": true, "107": true, "108": true, "109": true, "110": true, "111": true, "112": true, "113": true, "114": true, "115": true, "116": true, "117": true, "118": true, "119": true, "120": true, "121": true, "122": true, "123": true, "124": true, "125": true, "126": true, "127": true, "128": true, "129": true, "130": true, "131": true, "132": true, "133": true, "134": true, "135": true, "136": true, "137": true, "138": true, "139": true, "140": true, "141": true, "142": true, "143": true, "144": true, "145": true, "146": true, "147": true, "148": true, "149": true, "150": true, "151": true, "152": true, "153": true, "154": true, "155": true, "156": true, "157": true, "158": true, "159": true, "160": true, "161": true, "162": true, "163": true, "164": true, "165": true, "166": true, "167": true, "168": true, "169": true, "170": true, "171": true, "172": true, "173": true, "174": true, "175": true, "176": true, "177": true, "178": true, "179": true, "180": true, "181": true, "182": true, "183": true, "184": true, "185": true, "186": true, "187": true, "188": true, "189": true, "190": true, "191": true, "192": true, "193": true, "194": true, "195": true, "196": true, "197": true, "198": true, "199": true, "200": true, "201": true, "202": true, "203": true, "204": true, "205": true, "206": true, "207": true, "208": true, "209": true, "210": true, "211": true, "212": true, "213": true, "214": true, "215": true, "216": true, "217": true, "218": true, "219": true, "220": true, "221": true, "222": true, "223": true, "224": true, "225": true, "226": true, "227": true, "228": true, "229": true, "230": true, "231": true, "232": true, "233": true, "234": true, "235": true, "236": true, "237": true, "238": true, "239": true, "240": true, "241": true, "242": true, "243": true, "244": true, "245": true, "246": true, "247": true, "248": true, "249": true, "250": true, "251": true, "252": true, "253": true, "254": true, "255": true, "256": true, "257": true, "258": true, "259": true, "260": true, "261": true, "262": true, "263": true, "264": true, "265": true, "266": true, "267": true, "268": true, "269": true, "270": true, "271": true, "272": true, "273": true, "274": true, "275": true, "276": true, "277": true, "278": true, "279": true, "280": true, "281": true, "282": true, "283": true, "284": true, "285": true, "286": true, "287": true, "288": true, "289": true, "290": true, "291": true, "292": true, "293": true, "294": true, "295": true, "296": true, "297": true, "298": true, "299": true, "300": true, "301": true, "302": true, "303": true, "304": true, "305": true, "306": true, "307": true, "308": true, "309": true, "310": true, "311": true, "312": true, "313": true, "314": true, "315": true, "316": true, "317": true, "318": true, "319": true, "320": true, "321": true, "322": true, "323": true, "324": true, "325": true, "326": true, "327": true, "328": true, "329": true, "330": true, "331": true, "332": true, "333": true, "334": true, "335": true, "336": true, "337": true, "338": true, "339": true, "340": true, "341": true, "342": true, "343": true, "344": true, "345": true, "346": true, "347": true, "348": true, "349": true, "350": true, "351": true, "352": true, "353": true, "354": true, "355": true, "356": true, "357": true, "358": true, "359": true, "360": true, "361": true, "362": true, "363": true, "364": true, "365": true, "366": true, "367": true, "368": true, "369": true, "370": true, "371": true, "372": true, "373": true, "374": true, "375": true, "376": true, "377": true, "378": true, "379": true, "380": true, "381": true, "382": true, "383": true, "384": true, "385": true, "386": true, "387": true, "388": true, "389": true, "390": true, "391": true, "[": false, "\"": false, "1": false, "0": false, ",": false, "2": false, "3": false, "6": false, "7": false, "8": false, "9": false, "]": false, "4": false, "5": false}',20);
INSERT INTO stores_store VALUES(19,'pccbothell','',28,'PCC Bothell','Colton.VanBrenk@pccmarkets.com',56,NULL,0,0,0,'{"101": false, "102": false, "103": false, "104": false, "105": false, "106": true, "107": true, "108": true, "109": true, "110": true, "111": true, "112": true, "113": true, "114": true, "115": true, "116": true, "117": true, "118": true, "119": true, "120": true, "121": true, "122": true, "123": true, "124": true, "125": true, "126": true, "127": true, "128": true, "129": true, "130": true, "131": true, "132": true, "133": true, "134": true, "135": true, "136": true, "137": true, "138": true, "139": true, "140": true, "141": true, "142": true, "143": true, "144": true, "145": true, "146": true, "147": true, "148": true, "149": true, "150": true, "151": true, "152": true, "153": true, "154": true, "155": true, "156": true, "157": true, "158": true, "159": true, "160": true, "161": true, "162": true, "163": true, "164": true, "165": true, "166": true, "167": true, "168": true, "169": true, "170": true, "171": true, "172": true, "173": true, "174": true, "175": true, "176": true, "177": true, "178": true, "179": true, "180": true, "181": true, "182": true, "183": true, "184": true, "185": true, "186": true, "187": true, "188": true, "189": true, "190": true, "191": true, "192": true, "193": true, "194": true, "195": true, "196": true, "197": true, "198": true, "199": true, "200": true, "201": true, "202": true, "203": true, "204": true, "205": true, "206": true, "207": true, "208": true, "209": true, "210": true, "211": true, "212": true, "213": true, "214": true, "215": true, "216": true, "217": true, "218": true, "219": true, "220": true, "221": true, "222": true, "223": true, "224": true, "225": true, "226": true, "227": true, "228": true, "229": true, "230": true, "231": true, "232": true, "233": true, "234": true, "235": true, "236": true, "237": true, "238": true, "239": true, "240": true, "241": true, "242": true, "243": true, "244": true, "245": true, "246": true, "247": true, "248": true, "249": true, "250": true, "251": true, "252": true, "253": true, "254": true, "255": true, "256": true, "257": true, "258": true, "259": true, "260": true, "261": true, "262": true, "263": true, "264": true, "265": true, "266": true, "267": true, "268": true, "269": true, "270": true, "271": true, "272": true, "273": true, "274": true, "275": true, "276": true, "277": true, "278": true, "279": true, "280": true, "281": true, "282": true, "283": true, "284": true, "285": true, "286": true, "287": true, "288": true, "289": true, "290": true, "291": true, "292": true, "293": true, "294": true, "295": true, "296": true, "297": true, "298": true, "299": true, "300": true, "301": true, "302": true, "303": true, "304": true, "305": true, "306": true, "307": true, "308": true, "309": true, "310": true, "311": true, "312": true, "313": true, "314": true, "315": true, "316": true, "317": true, "318": true, "319": true, "320": true, "321": true, "322": true, "323": true, "324": true, "325": true, "326": true, "327": true, "328": true, "329": true, "330": true, "331": true, "332": true, "333": true, "334": true, "335": true, "336": true, "337": true, "338": true, "339": true, "340": true, "341": true, "342": true, "343": true, "344": true, "345": true, "346": true, "347": true, "348": true, "349": true, "350": true, "351": true, "352": true, "353": true, "354": true, "355": true, "356": true, "357": true, "358": true, "359": true, "360": true, "361": true, "362": true, "363": true, "364": true, "365": true, "366": true, "367": true, "368": true, "369": true, "370": true, "371": true, "372": true, "373": true, "374": true, "375": true, "376": true, "377": true, "378": true, "379": true, "380": true, "381": true, "382": true, "383": true, "384": true, "385": true, "386": true, "387": true, "388": true, "389": true, "390": true, "391": true, "[": false, "\"": false, "1": false, "0": false, ",": false, "2": false, "3": false, "6": false, "7": false, "8": false, "9": false, "]": false, "4": false, "5": false}',21);
INSERT INTO stores_store VALUES(20,'pccburien','',29,'PCC Burien','Delia.MacFadden@pccmarkets.com',56,NULL,0,0,0,'{"101": false, "102": false, "103": false, "104": false, "105": false, "106": true, "107": true, "108": true, "109": true, "110": true, "111": true, "112": true, "113": true, "114": true, "115": true, "116": true, "117": true, "118": true, "119": true, "120": true, "121": true, "122": true, "123": true, "124": true, "125": true, "126": true, "127": true, "128": true, "129": true, "130": true, "131": true, "132": true, "133": true, "134": true, "135": true, "136": true, "137": true, "138": true, "139": true, "140": true, "141": true, "142": true, "143": true, "144": true, "145": true, "146": true, "147": true, "148": true, "149": true, "150": true, "151": true, "152": true, "153": true, "154": true, "155": true, "156": true, "157": true, "158": true, "159": true, "160": true, "161": true, "162": true, "163": true, "164": true, "165": true, "166": true, "167": true, "168": true, "169": true, "170": true, "171": true, "172": true, "173": true, "174": true, "175": true, "176": true, "177": true, "178": true, "179": true, "180": true, "181": true, "182": true, "183": true, "184": true, "185": true, "186": true, "187": true, "188": true, "189": true, "190": true, "191": true, "192": true, "193": true, "194": true, "195": true, "196": true, "197": true, "198": true, "199": true, "200": true, "201": true, "202": true, "203": true, "204": true, "205": true, "206": true, "207": true, "208": true, "209": true, "210": true, "211": true, "212": true, "213": true, "214": true, "215": true, "216": true, "217": true, "218": true, "219": true, "220": true, "221": true, "222": true, "223": true, "224": true, "225": true, "226": true, "227": true, "228": true, "229": true, "230": true, "231": true, "232": true, "233": true, "234": true, "235": true, "236": true, "237": true, "238": true, "239": true, "240": true, "241": true, "242": true, "243": true, "244": true, "245": true, "246": true, "247": true, "248": true, "249": true, "250": true, "251": true, "252": true, "253": true, "254": true, "255": true, "256": true, "257": true, "258": true, "259": true, "260": true, "261": true, "262": true, "263": true, "264": true, "265": true, "266": true, "267": true, "268": true, "269": true, "270": true, "271": true, "272": true, "273": true, "274": true, "275": true, "276": true, "277": true, "278": true, "279": true, "280": true, "281": true, "282": true, "283": true, "284": true, "285": true, "286": true, "287": true, "288": true, "289": true, "290": true, "291": true, "292": true, "293": true, "294": true, "295": true, "296": true, "297": true, "298": true, "299": true, "300": true, "301": true, "302": true, "303": true, "304": true, "305": true, "306": true, "307": true, "308": true, "309": true, "310": true, "311": true, "312": true, "313": true, "314": true, "315": true, "316": true, "317": true, "318": true, "319": true, "320": true, "321": true, "322": true, "323": true, "324": true, "325": true, "326": true, "327": true, "328": true, "329": true, "330": true, "331": true, "332": true, "333": true, "334": true, "335": true, "336": true, "337": true, "338": true, "339": true, "340": true, "341": true, "342": true, "343": true, "344": true, "345": true, "346": true, "347": true, "348": true, "349": true, "350": true, "351": true, "352": true, "353": true, "354": true, "355": true, "356": true, "357": true, "358": true, "359": true, "360": true, "361": true, "362": true, "363": true, "364": true, "365": true, "366": true, "367": true, "368": true, "369": true, "370": true, "371": true, "372": true, "373": true, "374": true, "375": true, "376": true, "377": true, "378": true, "379": true, "380": true, "381": true, "382": true, "383": true, "384": true, "385": true, "386": true, "387": true, "388": true, "389": true, "390": true, "391": true, "[": false, "\"": false, "1": false, "0": false, ",": false, "2": false, "3": false, "6": false, "7": false, "8": false, "9": false, "]": false, "4": false, "5": false}',22);
INSERT INTO stores_store VALUES(21,'pcccolumbiacity','',30,'PCC Columbia City','Christine.Roberts@pccmarkets.com',112,NULL,0,0,0,'{"101": false, "102": false, "103": false, "104": false, "105": false, "106": true, "107": true, "108": true, "109": true, "110": true, "111": true, "112": true, "113": true, "114": true, "115": true, "116": true, "117": true, "118": true, "119": true, "120": true, "121": true, "122": true, "123": true, "124": true, "125": true, "126": true, "127": true, "128": true, "129": true, "130": true, "131": true, "132": true, "133": true, "134": true, "135": true, "136": true, "137": true, "138": true, "139": true, "140": true, "141": true, "142": true, "143": true, "144": true, "145": true, "146": true, "147": true, "148": true, "149": true, "150": true, "151": true, "152": true, "153": true, "154": true, "155": true, "156": true, "157": true, "158": true, "159": true, "160": true, "161": true, "162": true, "163": true, "164": true, "165": true, "166": true, "167": true, "168": true, "169": true, "170": true, "171": true, "172": true, "173": true, "174": true, "175": true, "176": true, "177": true, "178": true, "179": true, "180": true, "181": true, "182": true, "183": true, "184": true, "185": true, "186": true, "187": true, "188": true, "189": true, "190": true, "191": true, "192": true, "193": true, "194": true, "195": true, "196": true, "197": true, "198": true, "199": true, "200": true, "201": true, "202": true, "203": true, "204": true, "205": true, "206": true, "207": true, "208": true, "209": true, "210": true, "211": true, "212": true, "213": true, "214": true, "215": true, "216": true, "217": true, "218": true, "219": true, "220": true, "221": true, "222": true, "223": true, "224": true, "225": true, "226": true, "227": true, "228": true, "229": true, "230": true, "231": true, "232": true, "233": true, "234": true, "235": true, "236": true, "237": true, "238": true, "239": true, "240": true, "241": true, "242": true, "243": true, "244": true, "245": true, "246": true, "247": true, "248": true, "249": true, "250": true, "251": true, "252": true, "253": true, "254": true, "255": true, "256": true, "257": true, "258": true, "259": true, "260": true, "261": true, "262": true, "263": true, "264": true, "265": true, "266": true, "267": true, "268": true, "269": true, "270": true, "271": true, "272": true, "273": true, "274": true, "275": true, "276": true, "277": true, "278": true, "279": true, "280": true, "281": true, "282": true, "283": true, "284": true, "285": true, "286": true, "287": true, "288": true, "289": true, "290": true, "291": true, "292": true, "293": true, "294": true, "295": true, "296": true, "297": true, "298": true, "299": true, "300": true, "301": true, "302": true, "303": true, "304": true, "305": true, "306": true, "307": true, "308": true, "309": true, "310": true, "311": true, "312": true, "313": true, "314": true, "315": true, "316": true, "317": true, "318": true, "319": true, "320": true, "321": true, "322": true, "323": true, "324": true, "325": true, "326": true, "327": true, "328": true, "329": true, "330": true, "331": true, "332": true, "333": true, "334": true, "335": true, "336": true, "337": true, "338": true, "339": true, "340": true, "341": true, "342": true, "343": true, "344": true, "345": true, "346": true, "347": true, "348": true, "349": true, "350": true, "351": true, "352": true, "353": true, "354": true, "355": true, "356": true, "357": true, "358": true, "359": true, "360": true, "361": true, "362": true, "363": true, "364": true, "365": true, "366": true, "367": true, "368": true, "369": true, "370": true, "371": true, "372": true, "373": true, "374": true, "375": true, "376": true, "377": true, "378": true, "379": true, "380": true, "381": true, "382": true, "383": true, "384": true, "385": true, "386": true, "387": true, "388": true, "389": true, "390": true, "391": true, "[": false, "\"": false, "1": false, "0": false, ",": false, "2": false, "3": false, "6": false, "7": false, "8": false, "9": false, "]": false, "4": false, "5": false}',23);
INSERT INTO stores_store VALUES(22,'pccedmonds','',31,'PCC Edmonds','Randall.Skrasek@pccmarkets.com',56,NULL,0,0,0,'{"101": false, "102": false, "103": false, "104": false, "105": false, "106": true, "107": true, "108": true, "109": true, "110": true, "111": true, "112": true, "113": true, "114": true, "115": true, "116": true, "117": true, "118": true, "119": true, "120": true, "121": true, "122": true, "123": true, "124": true, "125": true, "126": true, "127": true, "128": true, "129": true, "130": true, "131": true, "132": true, "133": true, "134": true, "135": true, "136": true, "137": true, "138": true, "139": true, "140": true, "141": true, "142": true, "143": true, "144": true, "145": true, "146": true, "147": true, "148": true, "149": true, "150": true, "151": true, "152": true, "153": true, "154": true, "155": true, "156": true, "157": true, "158": true, "159": true, "160": true, "161": true, "162": true, "163": true, "164": true, "165": true, "166": true, "167": true, "168": true, "169": true, "170": true, "171": true, "172": true, "173": true, "174": true, "175": true, "176": true, "177": true, "178": true, "179": true, "180": true, "181": true, "182": true, "183": true, "184": true, "185": true, "186": true, "187": true, "188": true, "189": true, "190": true, "191": true, "192": true, "193": true, "194": true, "195": true, "196": true, "197": true, "198": true, "199": true, "200": true, "201": true, "202": true, "203": true, "204": true, "205": true, "206": true, "207": true, "208": true, "209": true, "210": true, "211": true, "212": true, "213": true, "214": true, "215": true, "216": true, "217": true, "218": true, "219": true, "220": true, "221": true, "222": true, "223": true, "224": true, "225": true, "226": true, "227": true, "228": true, "229": true, "230": true, "231": true, "232": true, "233": true, "234": true, "235": true, "236": true, "237": true, "238": true, "239": true, "240": true, "241": true, "242": true, "243": true, "244": true, "245": true, "246": true, "247": true, "248": true, "249": true, "250": true, "251": true, "252": true, "253": true, "254": true, "255": true, "256": true, "257": true, "258": true, "259": true, "260": true, "261": true, "262": true, "263": true, "264": true, "265": true, "266": true, "267": true, "268": true, "269": true, "270": true, "271": true, "272": true, "273": true, "274": true, "275": true, "276": true, "277": true, "278": true, "279": true, "280": true, "281": true, "282": true, "283": true, "284": true, "285": true, "286": true, "287": true, "288": true, "289": true, "290": true, "291": true, "292": true, "293": true, "294": true, "295": true, "296": true, "297": true, "298": true, "299": true, "300": true, "301": true, "302": true, "303": true, "304": true, "305": true, "306": true, "307": true, "308": true, "309": true, "310": true, "311": true, "312": true, "313": true, "314": true, "315": true, "316": true, "317": true, "318": true, "319": true, "320": true, "321": true, "322": true, "323": true, "324": true, "325": true, "326": true, "327": true, "328": true, "329": true, "330": true, "331": true, "332": true, "333": true, "334": true, "335": true, "336": true, "337": true, "338": true, "339": true, "340": true, "341": true, "342": true, "343": true, "344": true, "345": true, "346": true, "347": true, "348": true, "349": true, "350": true, "351": true, "352": true, "353": true, "354": true, "355": true, "356": true, "357": true, "358": true, "359": true, "360": true, "361": true, "362": true, "363": true, "364": true, "365": true, "366": true, "367": true, "368": true, "369": true, "370": true, "371": true, "372": true, "373": true, "374": true, "375": true, "376": true, "377": true, "378": true, "379": true, "380": true, "381": true, "382": true, "383": true, "384": true, "385": true, "386": true, "387": true, "388": true, "389": true, "390": true, "391": true, "[": false, "\"": false, "1": false, "0": false, ",": false, "2": false, "3": false, "6": false, "7": false, "8": false, "9": false, "]": false, "4": false, "5": false}',24);
INSERT INTO stores_store VALUES(23,'pccfremont','',32,'PCC Fremont','edward.patrick@pccmarkets.com',112,NULL,0,0,0,'{"101": false, "102": false, "103": false, "104": false, "105": false, "106": true, "107": true, "108": true, "109": true, "110": true, "111": true, "112": true, "113": true, "114": true, "115": true, "116": true, "117": true, "118": true, "119": true, "120": true, "121": true, "122": true, "123": true, "124": true, "125": true, "126": true, "127": true, "128": true, "129": true, "130": true, "131": true, "132": true, "133": true, "134": true, "135": true, "136": true, "137": true, "138": true, "139": true, "140": true, "141": true, "142": true, "143": true, "144": true, "145": true, "146": true, "147": true, "148": true, "149": true, "150": true, "151": true, "152": true, "153": true, "154": true, "155": true, "156": true, "157": true, "158": true, "159": true, "160": true, "161": true, "162": true, "163": true, "164": true, "165": true, "166": true, "167": true, "168": true, "169": true, "170": true, "171": true, "172": true, "173": true, "174": true, "175": true, "176": true, "177": true, "178": true, "179": true, "180": true, "181": true, "182": true, "183": true, "184": true, "185": true, "186": true, "187": true, "188": true, "189": true, "190": true, "191": true, "192": true, "193": true, "194": true, "195": true, "196": true, "197": true, "198": true, "199": true, "200": true, "201": true, "202": true, "203": true, "204": true, "205": true, "206": true, "207": true, "208": true, "209": true, "210": true, "211": true, "212": true, "213": true, "214": true, "215": true, "216": true, "217": true, "218": true, "219": true, "220": true, "221": true, "222": true, "223": true, "224": true, "225": true, "226": true, "227": true, "228": true, "229": true, "230": true, "231": true, "232": true, "233": true, "234": true, "235": true, "236": true, "237": true, "238": true, "239": true, "240": true, "241": true, "242": true, "243": true, "244": true, "245": true, "246": true, "247": true, "248": true, "249": true, "250": true, "251": true, "252": true, "253": true, "254": true, "255": true, "256": true, "257": true, "258": true, "259": true, "260": true, "261": true, "262": true, "263": true, "264": true, "265": true, "266": true, "267": true, "268": true, "269": true, "270": true, "271": true, "272": true, "273": true, "274": true, "275": true, "276": true, "277": true, "278": true, "279": true, "280": true, "281": true, "282": true, "283": true, "284": true, "285": true, "286": true, "287": true, "288": true, "289": true, "290": true, "291": true, "292": true, "293": true, "294": true, "295": true, "296": true, "297": true, "298": true, "299": true, "300": true, "301": true, "302": true, "303": true, "304": true, "305": true, "306": true, "307": true, "308": true, "309": true, "310": true, "311": true, "312": true, "313": true, "314": true, "315": true, "316": true, "317": true, "318": true, "319": true, "320": true, "321": true, "322": true, "323": true, "324": true, "325": true, "326": true, "327": true, "328": true, "329": true, "330": true, "331": true, "332": true, "333": true, "334": true, "335": true, "336": true, "337": true, "338": true, "339": true, "340": true, "341": true, "342": true, "343": true, "344": true, "345": true, "346": true, "347": true, "348": true, "349": true, "350": true, "351": true, "352": true, "353": true, "354": true, "355": true, "356": true, "357": true, "358": true, "359": true, "360": true, "361": true, "362": true, "363": true, "364": true, "365": true, "366": true, "367": true, "368": true, "369": true, "370": true, "371": true, "372": true, "373": true, "374": true, "375": true, "376": true, "377": true, "378": true, "379": true, "380": true, "381": true, "382": true, "383": true, "384": true, "385": true, "386": true, "387": true, "388": true, "389": true, "390": true, "391": true, "[": false, "\"": false, "1": false, "0": false, ",": false, "2": false, "3": false, "6": false, "7": false, "8": false, "9": false, "]": false, "4": false, "5": false}',25);
INSERT INTO stores_store VALUES(24,'pccaurora','',33,'PCC Greenlake-Aurora','isaiah.mcdaniel@pccmarkets.com',56,NULL,0,0,0,'{"101": false, "102": false, "103": false, "104": false, "105": false, "106": true, "107": true, "108": true, "109": true, "110": true, "111": true, "112": true, "113": true, "114": true, "115": true, "116": true, "117": true, "118": true, "119": true, "120": true, "121": true, "122": true, "123": true, "124": true, "125": true, "126": true, "127": true, "128": true, "129": true, "130": true, "131": true, "132": true, "133": true, "134": true, "135": true, "136": true, "137": true, "138": true, "139": true, "140": true, "141": true, "142": true, "143": true, "144": true, "145": true, "146": true, "147": true, "148": true, "149": true, "150": true, "151": true, "152": true, "153": true, "154": true, "155": true, "156": true, "157": true, "158": true, "159": true, "160": true, "161": true, "162": true, "163": true, "164": true, "165": true, "166": true, "167": true, "168": true, "169": true, "170": true, "171": true, "172": true, "173": true, "174": true, "175": true, "176": true, "177": true, "178": true, "179": true, "180": true, "181": true, "182": true, "183": true, "184": true, "185": true, "186": true, "187": true, "188": true, "189": true, "190": true, "191": true, "192": true, "193": true, "194": true, "195": true, "196": true, "197": true, "198": true, "199": true, "200": true, "201": true, "202": true, "203": true, "204": true, "205": true, "206": true, "207": true, "208": true, "209": true, "210": true, "211": true, "212": true, "213": true, "214": true, "215": true, "216": true, "217": true, "218": true, "219": true, "220": true, "221": true, "222": true, "223": true, "224": true, "225": true, "226": true, "227": true, "228": true, "229": true, "230": true, "231": true, "232": true, "233": true, "234": true, "235": true, "236": true, "237": true, "238": true, "239": true, "240": true, "241": true, "242": true, "243": true, "244": true, "245": true, "246": true, "247": true, "248": true, "249": true, "250": true, "251": true, "252": true, "253": true, "254": true, "255": true, "256": true, "257": true, "258": true, "259": true, "260": true, "261": true, "262": true, "263": true, "264": true, "265": true, "266": true, "267": true, "268": true, "269": true, "270": true, "271": true, "272": true, "273": true, "274": true, "275": true, "276": true, "277": true, "278": true, "279": true, "280": true, "281": true, "282": true, "283": true, "284": true, "285": true, "286": true, "287": true, "288": true, "289": true, "290": true, "291": true, "292": true, "293": true, "294": true, "295": true, "296": true, "297": true, "298": true, "299": true, "300": true, "301": true, "302": true, "303": true, "304": true, "305": true, "306": true, "307": true, "308": true, "309": true, "310": true, "311": true, "312": true, "313": true, "314": true, "315": true, "316": true, "317": true, "318": true, "319": true, "320": true, "321": true, "322": true, "323": true, "324": true, "325": true, "326": true, "327": true, "328": true, "329": true, "330": true, "331": true, "332": true, "333": true, "334": true, "335": true, "336": true, "337": true, "338": true, "339": true, "340": true, "341": true, "342": true, "343": true, "344": true, "345": true, "346": true, "347": true, "348": true, "349": true, "350": true, "351": true, "352": true, "353": true, "354": true, "355": true, "356": true, "357": true, "358": true, "359": true, "360": true, "361": true, "362": true, "363": true, "364": true, "365": true, "366": true, "367": true, "368": true, "369": true, "370": true, "371": true, "372": true, "373": true, "374": true, "375": true, "376": true, "377": true, "378": true, "379": true, "380": true, "381": true, "382": true, "383": true, "384": true, "385": true, "386": true, "387": true, "388": true, "389": true, "390": true, "391": true, "[": false, "\"": false, "1": false, "0": false, ",": false, "2": false, "3": false, "6": false, "7": false, "8": false, "9": false, "]": false, "4": false, "5": false}',26);
INSERT INTO stores_store VALUES(25,'pccgreenlake','',34,'PCC Greenlake Village','Kiyana.Rezaei@pccmarkets.com',56,NULL,0,0,0,'{"101": false, "102": false, "103": false, "104": false, "105": false, "106": true, "107": true, "108": true, "109": true, "110": true, "111": true, "112": true, "113": true, "114": true, "115": true, "116": true, "117": true, "118": true, "119": true, "120": true, "121": true, "122": true, "123": true, "124": true, "125": true, "126": true, "127": true, "128": true, "129": true, "130": true, "131": true, "132": true, "133": true, "134": true, "135": true, "136": true, "137": true, "138": true, "139": true, "140": true, "141": true, "142": true, "143": true, "144": true, "145": true, "146": true, "147": true, "148": true, "149": true, "150": true, "151": true, "152": true, "153": true, "154": true, "155": true, "156": true, "157": true, "158": true, "159": true, "160": true, "161": true, "162": true, "163": true, "164": true, "165": true, "166": true, "167": true, "168": true, "169": true, "170": true, "171": true, "172": true, "173": true, "174": true, "175": true, "176": true, "177": true, "178": true, "179": true, "180": true, "181": true, "182": true, "183": true, "184": true, "185": true, "186": true, "187": true, "188": true, "189": true, "190": true, "191": true, "192": true, "193": true, "194": true, "195": true, "196": true, "197": true, "198": true, "199": true, "200": true, "201": true, "202": true, "203": true, "204": true, "205": true, "206": true, "207": true, "208": true, "209": true, "210": true, "211": true, "212": true, "213": true, "214": true, "215": true, "216": true, "217": true, "218": true, "219": true, "220": true, "221": true, "222": true, "223": true, "224": true, "225": true, "226": true, "227": true, "228": true, "229": true, "230": true, "231": true, "232": true, "233": true, "234": true, "235": true, "236": true, "237": true, "238": true, "239": true, "240": true, "241": true, "242": true, "243": true, "244": true, "245": true, "246": true, "247": true, "248": true, "249": true, "250": true, "251": true, "252": true, "253": true, "254": true, "255": true, "256": true, "257": true, "258": true, "259": true, "260": true, "261": true, "262": true, "263": true, "264": true, "265": true, "266": true, "267": true, "268": true, "269": true, "270": true, "271": true, "272": true, "273": true, "274": true, "275": true, "276": true, "277": true, "278": true, "279": true, "280": true, "281": true, "282": true, "283": true, "284": true, "285": true, "286": true, "287": true, "288": true, "289": true, "290": true, "291": true, "292": true, "293": true, "294": true, "295": true, "296": true, "297": true, "298": true, "299": true, "300": true, "301": true, "302": true, "303": true, "304": true, "305": true, "306": true, "307": true, "308": true, "309": true, "310": true, "311": true, "312": true, "313": true, "314": true, "315": true, "316": true, "317": true, "318": true, "319": true, "320": true, "321": true, "322": true, "323": true, "324": true, "325": true, "326": true, "327": true, "328": true, "329": true, "330": true, "331": true, "332": true, "333": true, "334": true, "335": true, "336": true, "337": true, "338": true, "339": true, "340": true, "341": true, "342": true, "343": true, "344": true, "345": true, "346": true, "347": true, "348": true, "349": true, "350": true, "351": true, "352": true, "353": true, "354": true, "355": true, "356": true, "357": true, "358": true, "359": true, "360": true, "361": true, "362": true, "363": true, "364": true, "365": true, "366": true, "367": true, "368": true, "369": true, "370": true, "371": true, "372": true, "373": true, "374": true, "375": true, "376": true, "377": true, "378": true, "379": true, "380": true, "381": true, "382": true, "383": true, "384": true, "385": true, "386": true, "387": true, "388": true, "389": true, "390": true, "391": true, "[": false, "\"": false, "1": false, "0": false, ",": false, "2": false, "3": false, "6": false, "7": false, "8": false, "9": false, "]": false, "4": false, "5": false}',27);
INSERT INTO stores_store VALUES(26,'pccissaquah','',35,'PCC Issaquah','Haydn.Engelke@pccmarkets.com',56,NULL,0,0,0,'{"101": false, "102": false, "103": false, "104": false, "105": false, "106": true, "107": true, "108": true, "109": true, "110": true, "111": true, "112": true, "113": true, "114": true, "115": true, "116": true, "117": true, "118": true, "119": true, "120": true, "121": true, "122": true, "123": true, "124": true, "125": true, "126": true, "127": true, "128": true, "129": true, "130": true, "131": true, "132": true, "133": true, "134": true, "135": true, "136": true, "137": true, "138": true, "139": true, "140": true, "141": true, "142": true, "143": true, "144": true, "145": true, "146": true, "147": true, "148": true, "149": true, "150": true, "151": true, "152": true, "153": true, "154": true, "155": true, "156": true, "157": true, "158": true, "159": true, "160": true, "161": true, "162": true, "163": true, "164": true, "165": true, "166": true, "167": true, "168": true, "169": true, "170": true, "171": true, "172": true, "173": true, "174": true, "175": true, "176": true, "177": true, "178": true, "179": true, "180": true, "181": true, "182": true, "183": true, "184": true, "185": true, "186": true, "187": true, "188": true, "189": true, "190": true, "191": true, "192": true, "193": true, "194": true, "195": true, "196": true, "197": true, "198": true, "199": true, "200": true, "201": true, "202": true, "203": true, "204": true, "205": true, "206": true, "207": true, "208": true, "209": true, "210": true, "211": true, "212": true, "213": true, "214": true, "215": true, "216": true, "217": true, "218": true, "219": true, "220": true, "221": true, "222": true, "223": true, "224": true, "225": true, "226": true, "227": true, "228": true, "229": true, "230": true, "231": true, "232": true, "233": true, "234": true, "235": true, "236": true, "237": true, "238": true, "239": true, "240": true, "241": true, "242": true, "243": true, "244": true, "245": true, "246": true, "247": true, "248": true, "249": true, "250": true, "251": true, "252": true, "253": true, "254": true, "255": true, "256": true, "257": true, "258": true, "259": true, "260": true, "261": true, "262": true, "263": true, "264": true, "265": true, "266": true, "267": true, "268": true, "269": true, "270": true, "271": true, "272": true, "273": true, "274": true, "275": true, "276": true, "277": true, "278": true, "279": true, "280": true, "281": true, "282": true, "283": true, "284": true, "285": true, "286": true, "287": true, "288": true, "289": true, "290": true, "291": true, "292": true, "293": true, "294": true, "295": true, "296": true, "297": true, "298": true, "299": true, "300": true, "301": true, "302": true, "303": true, "304": true, "305": true, "306": true, "307": true, "308": true, "309": true, "310": true, "311": true, "312": true, "313": true, "314": true, "315": true, "316": true, "317": true, "318": true, "319": true, "320": true, "321": true, "322": true, "323": true, "324": true, "325": true, "326": true, "327": true, "328": true, "329": true, "330": true, "331": true, "332": true, "333": true, "334": true, "335": true, "336": true, "337": true, "338": true, "339": true, "340": true, "341": true, "342": true, "343": true, "344": true, "345": true, "346": true, "347": true, "348": true, "349": true, "350": true, "351": true, "352": true, "353": true, "354": true, "355": true, "356": true, "357": true, "358": true, "359": true, "360": true, "361": true, "362": true, "363": true, "364": true, "365": true, "366": true, "367": true, "368": true, "369": true, "370": true, "371": true, "372": true, "373": true, "374": true, "375": true, "376": true, "377": true, "378": true, "379": true, "380": true, "381": true, "382": true, "383": true, "384": true, "385": true, "386": true, "387": true, "388": true, "389": true, "390": true, "391": true, "[": false, "\"": false, "1": false, "0": false, ",": false, "2": false, "3": false, "6": false, "7": false, "8": false, "9": false, "]": false, "4": false, "5": false}',28);
INSERT INTO stores_store VALUES(27,'pcckirkland','',36,'PCC Kirkland','justin.calvert@pccmarkets.com',56,NULL,0,0,0,'{"101": false, "102": false, "103": false, "104": false, "105": false, "106": true, "107": true, "108": true, "109": true, "110": true, "111": true, "112": true, "113": true, "114": true, "115": true, "116": true, "117": true, "118": true, "119": true, "120": true, "121": true, "122": true, "123": true, "124": true, "125": true, "126": true, "127": true, "128": true, "129": true, "130": true, "131": true, "132": true, "133": true, "134": true, "135": true, "136": true, "137": true, "138": true, "139": true, "140": true, "141": true, "142": true, "143": true, "144": true, "145": true, "146": true, "147": true, "148": true, "149": true, "150": true, "151": true, "152": true, "153": true, "154": true, "155": true, "156": true, "157": true, "158": true, "159": true, "160": true, "161": true, "162": true, "163": true, "164": true, "165": true, "166": true, "167": true, "168": true, "169": true, "170": true, "171": true, "172": true, "173": true, "174": true, "175": true, "176": true, "177": true, "178": true, "179": true, "180": true, "181": true, "182": true, "183": true, "184": true, "185": true, "186": true, "187": true, "188": true, "189": true, "190": true, "191": true, "192": true, "193": true, "194": true, "195": true, "196": true, "197": true, "198": true, "199": true, "200": true, "201": true, "202": true, "203": true, "204": true, "205": true, "206": true, "207": true, "208": true, "209": true, "210": true, "211": true, "212": true, "213": true, "214": true, "215": true, "216": true, "217": true, "218": true, "219": true, "220": true, "221": true, "222": true, "223": true, "224": true, "225": true, "226": true, "227": true, "228": true, "229": true, "230": true, "231": true, "232": true, "233": true, "234": true, "235": true, "236": true, "237": true, "238": true, "239": true, "240": true, "241": true, "242": true, "243": true, "244": true, "245": true, "246": true, "247": true, "248": true, "249": true, "250": true, "251": true, "252": true, "253": true, "254": true, "255": true, "256": true, "257": true, "258": true, "259": true, "260": true, "261": true, "262": true, "263": true, "264": true, "265": true, "266": true, "267": true, "268": true, "269": true, "270": true, "271": true, "272": true, "273": true, "274": true, "275": true, "276": true, "277": true, "278": true, "279": true, "280": true, "281": true, "282": true, "283": true, "284": true, "285": true, "286": true, "287": true, "288": true, "289": true, "290": true, "291": true, "292": true, "293": true, "294": true, "295": true, "296": true, "297": true, "298": true, "299": true, "300": true, "301": true, "302": true, "303": true, "304": true, "305": true, "306": true, "307": true, "308": true, "309": true, "310": true, "311": true, "312": true, "313": true, "314": true, "315": true, "316": true, "317": true, "318": true, "319": true, "320": true, "321": true, "322": true, "323": true, "324": true, "325": true, "326": true, "327": true, "328": true, "329": true, "330": true, "331": true, "332": true, "333": true, "334": true, "335": true, "336": true, "337": true, "338": true, "339": true, "340": true, "341": true, "342": true, "343": true, "344": true, "345": true, "346": true, "347": true, "348": true, "349": true, "350": true, "351": true, "352": true, "353": true, "354": true, "355": true, "356": true, "357": true, "358": true, "359": true, "360": true, "361": true, "362": true, "363": true, "364": true, "365": true, "366": true, "367": true, "368": true, "369": true, "370": true, "371": true, "372": true, "373": true, "374": true, "375": true, "376": true, "377": true, "378": true, "379": true, "380": true, "381": true, "382": true, "383": true, "384": true, "385": true, "386": true, "387": true, "388": true, "389": true, "390": true, "391": true, "[": false, "\"": false, "1": false, "0": false, ",": false, "2": false, "3": false, "6": false, "7": false, "8": false, "9": false, "]": false, "4": false, "5": false}',29);
INSERT INTO stores_store VALUES(28,'pccredmond','',37,'PCC Redmond','erin.mcclain@pccmarkets.com',56,NULL,0,0,0,'{"101": false, "102": false, "103": false, "104": false, "105": false, "106": true, "107": true, "108": true, "109": true, "110": true, "111": true, "112": true, "113": true, "114": true, "115": true, "116": true, "117": true, "118": true, "119": true, "120": true, "121": true, "122": true, "123": true, "124": true, "125": true, "126": true, "127": true, "128": true, "129": true, "130": true, "131": true, "132": true, "133": true, "134": true, "135": true, "136": true, "137": true, "138": true, "139": true, "140": true, "141": true, "142": true, "143": true, "144": true, "145": true, "146": true, "147": true, "148": true, "149": true, "150": true, "151": true, "152": true, "153": true, "154": true, "155": true, "156": true, "157": true, "158": true, "159": true, "160": true, "161": true, "162": true, "163": true, "164": true, "165": true, "166": true, "167": true, "168": true, "169": true, "170": true, "171": true, "172": true, "173": true, "174": true, "175": true, "176": true, "177": true, "178": true, "179": true, "180": true, "181": true, "182": true, "183": true, "184": true, "185": true, "186": true, "187": true, "188": true, "189": true, "190": true, "191": true, "192": true, "193": true, "194": true, "195": true, "196": true, "197": true, "198": true, "199": true, "200": true, "201": true, "202": true, "203": true, "204": true, "205": true, "206": true, "207": true, "208": true, "209": true, "210": true, "211": true, "212": true, "213": true, "214": true, "215": true, "216": true, "217": true, "218": true, "219": true, "220": true, "221": true, "222": true, "223": true, "224": true, "225": true, "226": true, "227": true, "228": true, "229": true, "230": true, "231": true, "232": true, "233": true, "234": true, "235": true, "236": true, "237": true, "238": true, "239": true, "240": true, "241": true, "242": true, "243": true, "244": true, "245": true, "246": true, "247": true, "248": true, "249": true, "250": true, "251": true, "252": true, "253": true, "254": true, "255": true, "256": true, "257": true, "258": true, "259": true, "260": true, "261": true, "262": true, "263": true, "264": true, "265": true, "266": true, "267": true, "268": true, "269": true, "270": true, "271": true, "272": true, "273": true, "274": true, "275": true, "276": true, "277": true, "278": true, "279": true, "280": true, "281": true, "282": true, "283": true, "284": true, "285": true, "286": true, "287": true, "288": true, "289": true, "290": true, "291": true, "292": true, "293": true, "294": true, "295": true, "296": true, "297": true, "298": true, "299": true, "300": true, "301": true, "302": true, "303": true, "304": true, "305": true, "306": true, "307": true, "308": true, "309": true, "310": true, "311": true, "312": true, "313": true, "314": true, "315": true, "316": true, "317": true, "318": true, "319": true, "320": true, "321": true, "322": true, "323": true, "324": true, "325": true, "326": true, "327": true, "328": true, "329": true, "330": true, "331": true, "332": true, "333": true, "334": true, "335": true, "336": true, "337": true, "338": true, "339": true, "340": true, "341": true, "342": true, "343": true, "344": true, "345": true, "346": true, "347": true, "348": true, "349": true, "350": true, "351": true, "352": true, "353": true, "354": true, "355": true, "356": true, "357": true, "358": true, "359": true, "360": true, "361": true, "362": true, "363": true, "364": true, "365": true, "366": true, "367": true, "368": true, "369": true, "370": true, "371": true, "372": true, "373": true, "374": true, "375": true, "376": true, "377": true, "378": true, "379": true, "380": true, "381": true, "382": true, "383": true, "384": true, "385": true, "386": true, "387": true, "388": true, "389": true, "390": true, "391": true, "[": false, "\"": false, "1": false, "0": false, ",": false, "2": false, "3": false, "6": false, "7": false, "8": false, "9": false, "]": false, "4": false, "5": false}',30);
INSERT INTO stores_store VALUES(29,'pccviewridge','',38,'PCC View Ridge','maria.gonzalez@pccmarkets.com',56,NULL,0,0,0,'{"101": false, "102": false, "103": false, "104": false, "105": false, "106": true, "107": true, "108": true, "109": true, "110": true, "111": true, "112": true, "113": true, "114": true, "115": true, "116": true, "117": true, "118": true, "119": true, "120": true, "121": true, "122": true, "123": true, "124": true, "125": true, "126": true, "127": true, "128": true, "129": true, "130": true, "131": true, "132": true, "133": true, "134": true, "135": true, "136": true, "137": true, "138": true, "139": true, "140": true, "141": true, "142": true, "143": true, "144": true, "145": true, "146": true, "147": true, "148": true, "149": true, "150": true, "151": true, "152": true, "153": true, "154": true, "155": true, "156": true, "157": true, "158": true, "159": true, "160": true, "161": true, "162": true, "163": true, "164": true, "165": true, "166": true, "167": true, "168": true, "169": true, "170": true, "171": true, "172": true, "173": true, "174": true, "175": true, "176": true, "177": true, "178": true, "179": true, "180": true, "181": true, "182": true, "183": true, "184": true, "185": true, "186": true, "187": true, "188": true, "189": true, "190": true, "191": true, "192": true, "193": true, "194": true, "195": true, "196": true, "197": true, "198": true, "199": true, "200": true, "201": true, "202": true, "203": true, "204": true, "205": true, "206": true, "207": true, "208": true, "209": true, "210": true, "211": true, "212": true, "213": true, "214": true, "215": true, "216": true, "217": true, "218": true, "219": true, "220": true, "221": true, "222": true, "223": true, "224": true, "225": true, "226": true, "227": true, "228": true, "229": true, "230": true, "231": true, "232": true, "233": true, "234": true, "235": true, "236": true, "237": true, "238": true, "239": true, "240": true, "241": true, "242": true, "243": true, "244": true, "245": true, "246": true, "247": true, "248": true, "249": true, "250": true, "251": true, "252": true, "253": true, "254": true, "255": true, "256": true, "257": true, "258": true, "259": true, "260": true, "261": true, "262": true, "263": true, "264": true, "265": true, "266": true, "267": true, "268": true, "269": true, "270": true, "271": true, "272": true, "273": true, "274": true, "275": true, "276": true, "277": true, "278": true, "279": true, "280": true, "281": true, "282": true, "283": true, "284": true, "285": true, "286": true, "287": true, "288": true, "289": true, "290": true, "291": true, "292": true, "293": true, "294": true, "295": true, "296": true, "297": true, "298": true, "299": true, "300": true, "301": true, "302": true, "303": true, "304": true, "305": true, "306": true, "307": true, "308": true, "309": true, "310": true, "311": true, "312": true, "313": true, "314": true, "315": true, "316": true, "317": true, "318": true, "319": true, "320": true, "321": true, "322": true, "323": true, "324": true, "325": true, "326": true, "327": true, "328": true, "329": true, "330": true, "331": true, "332": true, "333": true, "334": true, "335": true, "336": true, "337": true, "338": true, "339": true, "340": true, "341": true, "342": true, "343": true, "344": true, "345": true, "346": true, "347": true, "348": true, "349": true, "350": true, "351": true, "352": true, "353": true, "354": true, "355": true, "356": true, "357": true, "358": true, "359": true, "360": true, "361": true, "362": true, "363": true, "364": true, "365": true, "366": true, "367": true, "368": true, "369": true, "370": true, "371": true, "372": true, "373": true, "374": true, "375": true, "376": true, "377": true, "378": true, "379": true, "380": true, "381": true, "382": true, "383": true, "384": true, "385": true, "386": true, "387": true, "388": true, "389": true, "390": true, "391": true, "[": false, "\"": false, "1": false, "0": false, ",": false, "2": false, "3": false, "6": false, "7": false, "8": false, "9": false, "]": false, "4": false, "5": false}',31);
INSERT INTO stores_store VALUES(30,'pccwestseattle','',39,'PCC West Seattle','Nina.Hadley@pccmarkets.com',56,NULL,0,0,0,'{"101": false, "102": false, "103": false, "104": false, "105": false, "106": true, "107": true, "108": true, "109": true, "110": true, "111": true, "112": true, "113": true, "114": true, "115": true, "116": true, "117": true, "118": true, "119": true, "120": true, "121": true, "122": true, "123": true, "124": true, "125": true, "126": true, "127": true, "128": true, "129": true, "130": true, "131": true, "132": true, "133": true, "134": true, "135": true, "136": true, "137": true, "138": true, "139": true, "140": true, "141": true, "142": true, "143": true, "144": true, "145": true, "146": true, "147": true, "148": true, "149": true, "150": true, "151": true, "152": true, "153": true, "154": true, "155": true, "156": true, "157": true, "158": true, "159": true, "160": true, "161": true, "162": true, "163": true, "164": true, "165": true, "166": true, "167": true, "168": true, "169": true, "170": true, "171": true, "172": true, "173": true, "174": true, "175": true, "176": true, "177": true, "178": true, "179": true, "180": true, "181": true, "182": true, "183": true, "184": true, "185": true, "186": true, "187": true, "188": true, "189": true, "190": true, "191": true, "192": true, "193": true, "194": true, "195": true, "196": true, "197": true, "198": true, "199": true, "200": true, "201": true, "202": true, "203": true, "204": true, "205": true, "206": true, "207": true, "208": true, "209": true, "210": true, "211": true, "212": true, "213": true, "214": true, "215": true, "216": true, "217": true, "218": true, "219": true, "220": true, "221": true, "222": true, "223": true, "224": true, "225": true, "226": true, "227": true, "228": true, "229": true, "230": true, "231": true, "232": true, "233": true, "234": true, "235": true, "236": true, "237": true, "238": true, "239": true, "240": true, "241": true, "242": true, "243": true, "244": true, "245": true, "246": true, "247": true, "248": true, "249": true, "250": true, "251": true, "252": true, "253": true, "254": true, "255": true, "256": true, "257": true, "258": true, "259": true, "260": true, "261": true, "262": true, "263": true, "264": true, "265": true, "266": true, "267": true, "268": true, "269": true, "270": true, "271": true, "272": true, "273": true, "274": true, "275": true, "276": true, "277": true, "278": true, "279": true, "280": true, "281": true, "282": true, "283": true, "284": true, "285": true, "286": true, "287": true, "288": true, "289": true, "290": true, "291": true, "292": true, "293": true, "294": true, "295": true, "296": true, "297": true, "298": true, "299": true, "300": true, "301": true, "302": true, "303": true, "304": true, "305": true, "306": true, "307": true, "308": true, "309": true, "310": true, "311": true, "312": true, "313": true, "314": true, "315": true, "316": true, "317": true, "318": true, "319": true, "320": true, "321": true, "322": true, "323": true, "324": true, "325": true, "326": true, "327": true, "328": true, "329": true, "330": true, "331": true, "332": true, "333": true, "334": true, "335": true, "336": true, "337": true, "338": true, "339": true, "340": true, "341": true, "342": true, "343": true, "344": true, "345": true, "346": true, "347": true, "348": true, "349": true, "350": true, "351": true, "352": true, "353": true, "354": true, "355": true, "356": true, "357": true, "358": true, "359": true, "360": true, "361": true, "362": true, "363": true, "364": true, "365": true, "366": true, "367": true, "368": true, "369": true, "370": true, "371": true, "372": true, "373": true, "374": true, "375": true, "376": true, "377": true, "378": true, "379": true, "380": true, "381": true, "382": true, "383": true, "384": true, "385": true, "386": true, "387": true, "388": true, "389": true, "390": true, "391": true, "[": false, "\"": false, "1": false, "0": false, ",": false, "2": false, "3": false, "6": false, "7": false, "8": false, "9": false, "]": false, "4": false, "5": false}',32);
INSERT INTO stores_store VALUES(31,'peoplescoop','',40,'People''s Food Cooperative','amy.woolsten@peoples.coop',90,NULL,0,0,0,'{"101": false, "102": false, "103": false, "104": false, "105": false, "106": true, "107": true, "108": true, "109": true, "110": true, "111": true, "112": true, "113": true, "114": true, "115": true, "116": true, "117": true, "118": true, "119": true, "120": true, "121": true, "122": true, "123": true, "124": true, "125": true, "126": true, "127": true, "128": true, "129": true, "130": true, "131": true, "132": true, "133": true, "134": true, "135": true, "136": true, "137": true, "138": true, "139": true, "140": true, "141": true, "142": true, "143": true, "144": true, "145": true, "146": true, "147": true, "148": true, "149": true, "150": true, "151": true, "152": true, "153": true, "154": true, "155": true, "156": true, "157": true, "158": true, "159": true, "160": true, "161": true, "162": true, "163": true, "164": true, "165": true, "166": true, "167": true, "168": true, "169": true, "170": true, "171": true, "172": true, "173": true, "174": true, "175": true, "176": true, "177": true, "178": true, "179": true, "180": true, "181": true, "182": true, "183": true, "184": true, "185": true, "186": true, "187": true, "188": true, "189": true, "190": true, "191": true, "192": true, "193": true, "194": true, "195": true, "196": true, "197": true, "198": true, "199": true, "200": true, "201": true, "202": true, "203": true, "204": true, "205": true, "206": true, "207": true, "208": true, "209": true, "210": true, "211": true, "212": true, "213": true, "214": true, "215": true, "216": true, "217": true, "218": true, "219": true, "220": true, "221": true, "222": true, "223": true, "224": true, "225": true, "226": true, "227": true, "228": true, "229": true, "230": true, "231": true, "232": true, "233": true, "234": true, "235": true, "236": true, "237": true, "238": true, "239": true, "240": true, "241": true, "242": true, "243": true, "244": true, "245": true, "246": true, "247": true, "248": true, "249": true, "250": true, "251": true, "252": true, "253": true, "254": true, "255": true, "256": true, "257": true, "258": true, "259": true, "260": true, "261": true, "262": true, "263": true, "264": true, "265": true, "266": true, "267": true, "268": true, "269": true, "270": true, "271": true, "272": true, "273": true, "274": true, "275": true, "276": true, "277": true, "278": true, "279": true, "280": true, "281": true, "282": true, "283": true, "284": true, "285": true, "286": true, "287": true, "288": true, "289": true, "290": true, "291": true, "292": true, "293": true, "294": true, "295": true, "296": true, "297": true, "298": true, "299": true, "300": true, "301": true, "302": true, "303": true, "304": true, "305": true, "306": true, "307": true, "308": true, "309": true, "310": true, "311": true, "312": true, "313": true, "314": true, "315": true, "316": true, "317": true, "318": true, "319": true, "320": true, "321": true, "322": true, "323": true, "324": true, "325": true, "326": true, "327": true, "328": true, "329": true, "330": true, "331": true, "332": true, "333": true, "334": true, "335": true, "336": true, "337": true, "338": true, "339": true, "340": true, "341": true, "342": true, "343": true, "344": true, "345": true, "346": true, "347": true, "348": true, "349": true, "350": true, "351": true, "352": true, "353": true, "354": true, "355": true, "356": true, "357": true, "358": true, "359": true, "360": true, "361": true, "362": true, "363": true, "364": true, "365": true, "366": true, "367": true, "368": true, "369": true, "370": true, "371": true, "372": true, "373": true, "374": true, "375": true, "376": true, "377": true, "378": true, "379": true, "380": true, "381": true, "382": true, "383": true, "384": true, "385": true, "386": true, "387": true, "388": true, "389": true, "390": true, "391": true, "[": false, "\"": false, "1": false, "0": false, ",": false, "2": false, "3": false, "6": false, "7": false, "8": false, "9": false, "]": false, "4": false, "5": false}',33);
INSERT INTO stores_store VALUES(32,'porttownsendcoop','',41,'Port Townsend Coop','danielw@foodcoop.coop',72,NULL,0,0,0,'{"101": false, "102": false, "103": false, "104": false, "105": false, "106": true, "107": true, "108": true, "109": true, "110": true, "111": true, "112": true, "113": true, "114": true, "115": true, "116": true, "117": true, "118": true, "119": true, "120": true, "121": true, "122": true, "123": true, "124": true, "125": true, "126": true, "127": true, "128": true, "129": true, "130": true, "131": true, "132": true, "133": true, "134": true, "135": true, "136": true, "137": true, "138": true, "139": true, "140": true, "141": true, "142": true, "143": true, "144": true, "145": true, "146": true, "147": true, "148": true, "149": true, "150": true, "151": true, "152": true, "153": true, "154": true, "155": true, "156": true, "157": true, "158": true, "159": true, "160": true, "161": true, "162": true, "163": true, "164": true, "165": true, "166": true, "167": true, "168": true, "169": true, "170": true, "171": true, "172": true, "173": true, "174": true, "175": true, "176": true, "177": true, "178": true, "179": true, "180": true, "181": true, "182": true, "183": true, "184": true, "185": true, "186": true, "187": true, "188": true, "189": true, "190": true, "191": true, "192": true, "193": true, "194": true, "195": true, "196": true, "197": true, "198": true, "199": true, "200": true, "201": true, "202": true, "203": true, "204": true, "205": true, "206": true, "207": true, "208": true, "209": true, "210": true, "211": true, "212": true, "213": true, "214": true, "215": true, "216": true, "217": true, "218": true, "219": true, "220": true, "221": true, "222": true, "223": true, "224": true, "225": true, "226": true, "227": true, "228": true, "229": true, "230": true, "231": true, "232": true, "233": true, "234": true, "235": true, "236": true, "237": true, "238": true, "239": true, "240": true, "241": true, "242": true, "243": true, "244": true, "245": true, "246": true, "247": true, "248": true, "249": true, "250": true, "251": true, "252": true, "253": true, "254": true, "255": true, "256": true, "257": true, "258": true, "259": true, "260": true, "261": true, "262": true, "263": true, "264": true, "265": true, "266": true, "267": true, "268": true, "269": true, "270": true, "271": true, "272": true, "273": true, "274": true, "275": true, "276": true, "277": true, "278": true, "279": true, "280": true, "281": true, "282": true, "283": true, "284": true, "285": true, "286": true, "287": true, "288": true, "289": true, "290": true, "291": true, "292": true, "293": true, "294": true, "295": true, "296": true, "297": true, "298": true, "299": true, "300": true, "301": true, "302": true, "303": true, "304": true, "305": true, "306": true, "307": true, "308": true, "309": true, "310": true, "311": true, "312": true, "313": true, "314": true, "315": true, "316": true, "317": true, "318": true, "319": true, "320": true, "321": true, "322": true, "323": true, "324": true, "325": true, "326": true, "327": true, "328": true, "329": true, "330": true, "331": true, "332": true, "333": true, "334": true, "335": true, "336": true, "337": true, "338": true, "339": true, "340": true, "341": true, "342": true, "343": true, "344": true, "345": true, "346": true, "347": true, "348": true, "349": true, "350": true, "351": true, "352": true, "353": true, "354": true, "355": true, "356": true, "357": true, "358": true, "359": true, "360": true, "361": true, "362": true, "363": true, "364": true, "365": true, "366": true, "367": true, "368": true, "369": true, "370": true, "371": true, "372": true, "373": true, "374": true, "375": true, "376": true, "377": true, "378": true, "379": true, "380": true, "381": true, "382": true, "383": true, "384": true, "385": true, "386": true, "387": true, "388": true, "389": true, "390": true, "391": true, "[": false, "\"": false, "1": false, "0": false, ",": false, "2": false, "3": false, "6": false, "7": false, "8": false, "9": false, "]": false, "4": false, "5": false}',34);
INSERT INTO stores_store VALUES(33,'sanjuancoop','',42,'San Juan Island Coop','grocery@sanjuanfoodcoop.com',57,NULL,0,0,0,'{"101": false, "102": false, "103": false, "104": false, "105": false, "106": true, "107": true, "108": true, "109": true, "110": true, "111": true, "112": true, "113": true, "114": true, "115": true, "116": true, "117": true, "118": true, "119": true, "120": true, "121": true, "122": true, "123": true, "124": true, "125": true, "126": true, "127": true, "128": true, "129": true, "130": true, "131": true, "132": true, "133": true, "134": true, "135": true, "136": true, "137": true, "138": true, "139": true, "140": true, "141": true, "142": true, "143": true, "144": true, "145": true, "146": true, "147": true, "148": true, "149": true, "150": true, "151": true, "152": true, "153": true, "154": true, "155": true, "156": true, "157": true, "158": true, "159": true, "160": true, "161": true, "162": true, "163": true, "164": true, "165": true, "166": true, "167": true, "168": true, "169": true, "170": true, "171": true, "172": true, "173": true, "174": true, "175": true, "176": true, "177": true, "178": true, "179": true, "180": true, "181": true, "182": true, "183": true, "184": true, "185": true, "186": true, "187": true, "188": true, "189": true, "190": true, "191": true, "192": true, "193": true, "194": true, "195": true, "196": true, "197": true, "198": true, "199": true, "200": true, "201": true, "202": true, "203": true, "204": true, "205": true, "206": true, "207": true, "208": true, "209": true, "210": true, "211": true, "212": true, "213": true, "214": true, "215": true, "216": true, "217": true, "218": true, "219": true, "220": true, "221": true, "222": true, "223": true, "224": true, "225": true, "226": true, "227": true, "228": true, "229": true, "230": true, "231": true, "232": true, "233": true, "234": true, "235": true, "236": true, "237": true, "238": true, "239": true, "240": true, "241": true, "242": true, "243": true, "244": true, "245": true, "246": true, "247": true, "248": true, "249": true, "250": true, "251": true, "252": true, "253": true, "254": true, "255": true, "256": true, "257": true, "258": true, "259": true, "260": true, "261": true, "262": true, "263": true, "264": true, "265": true, "266": true, "267": true, "268": true, "269": true, "270": true, "271": true, "272": true, "273": true, "274": true, "275": true, "276": true, "277": true, "278": true, "279": true, "280": true, "281": true, "282": true, "283": true, "284": true, "285": true, "286": true, "287": true, "288": true, "289": true, "290": true, "291": true, "292": true, "293": true, "294": true, "295": true, "296": true, "297": true, "298": true, "299": true, "300": true, "301": true, "302": true, "303": true, "304": true, "305": true, "306": true, "307": true, "308": true, "309": true, "310": true, "311": true, "312": true, "313": true, "314": true, "315": true, "316": true, "317": true, "318": true, "319": true, "320": true, "321": true, "322": true, "323": true, "324": true, "325": true, "326": true, "327": true, "328": true, "329": true, "330": true, "331": true, "332": true, "333": true, "334": true, "335": true, "336": true, "337": true, "338": true, "339": true, "340": true, "341": true, "342": true, "343": true, "344": true, "345": true, "346": true, "347": true, "348": true, "349": true, "350": true, "351": true, "352": true, "353": true, "354": true, "355": true, "356": true, "357": true, "358": true, "359": true, "360": true, "361": true, "362": true, "363": true, "364": true, "365": true, "366": true, "367": true, "368": true, "369": true, "370": true, "371": true, "372": true, "373": true, "374": true, "375": true, "376": true, "377": true, "378": true, "379": true, "380": true, "381": true, "382": true, "383": true, "384": true, "385": true, "386": true, "387": true, "388": true, "389": true, "390": true, "391": true, "[": false, "\"": false, "1": false, "0": false, ",": false, "2": false, "3": false, "6": false, "7": false, "8": false, "9": false, "]": false, "4": false, "5": false}',35);
INSERT INTO stores_store VALUES(34,'skagitcoop','',43,'Skagit Coop','MagnoliaM@skagitfoodcoop.com',224,NULL,0,0,0,'{"101": false, "102": false, "103": false, "104": false, "105": false, "106": true, "107": true, "108": true, "109": true, "110": true, "111": true, "112": true, "113": true, "114": true, "115": true, "116": true, "117": true, "118": true, "119": true, "120": true, "121": true, "122": true, "123": true, "124": true, "125": true, "126": true, "127": true, "128": true, "129": true, "130": true, "131": true, "132": true, "133": true, "134": true, "135": true, "136": true, "137": true, "138": true, "139": true, "140": true, "141": true, "142": true, "143": true, "144": true, "145": true, "146": true, "147": true, "148": true, "149": true, "150": true, "151": true, "152": true, "153": true, "154": true, "155": true, "156": true, "157": true, "158": true, "159": true, "160": true, "161": true, "162": true, "163": true, "164": true, "165": true, "166": true, "167": true, "168": true, "169": true, "170": true, "171": true, "172": true, "173": true, "174": true, "175": true, "176": true, "177": true, "178": true, "179": true, "180": true, "181": true, "182": true, "183": true, "184": true, "185": true, "186": true, "187": true, "188": true, "189": true, "190": true, "191": true, "192": true, "193": true, "194": true, "195": true, "196": true, "197": true, "198": true, "199": true, "200": true, "201": true, "202": true, "203": true, "204": true, "205": true, "206": true, "207": true, "208": true, "209": true, "210": true, "211": true, "212": true, "213": true, "214": true, "215": true, "216": true, "217": true, "218": true, "219": true, "220": true, "221": true, "222": true, "223": true, "224": true, "225": true, "226": true, "227": true, "228": true, "229": true, "230": true, "231": true, "232": true, "233": true, "234": true, "235": true, "236": true, "237": true, "238": true, "239": true, "240": true, "241": true, "242": true, "243": true, "244": true, "245": true, "246": true, "247": true, "248": true, "249": true, "250": true, "251": true, "252": true, "253": true, "254": true, "255": true, "256": true, "257": true, "258": true, "259": true, "260": true, "261": true, "262": true, "263": true, "264": true, "265": true, "266": true, "267": true, "268": true, "269": true, "270": true, "271": true, "272": true, "273": true, "274": true, "275": true, "276": true, "277": true, "278": true, "279": true, "280": true, "281": true, "282": true, "283": true, "284": true, "285": true, "286": true, "287": true, "288": true, "289": true, "290": true, "291": true, "292": true, "293": true, "294": true, "295": true, "296": true, "297": true, "298": true, "299": true, "300": true, "301": true, "302": true, "303": true, "304": true, "305": true, "306": true, "307": true, "308": true, "309": true, "310": true, "311": true, "312": true, "313": true, "314": true, "315": true, "316": true, "317": true, "318": true, "319": true, "320": true, "321": true, "322": true, "323": true, "324": true, "325": true, "326": true, "327": true, "328": true, "329": true, "330": true, "331": true, "332": true, "333": true, "334": true, "335": true, "336": true, "337": true, "338": true, "339": true, "340": true, "341": true, "342": true, "343": true, "344": true, "345": true, "346": true, "347": true, "348": true, "349": true, "350": true, "351": true, "352": true, "353": true, "354": true, "355": true, "356": true, "357": true, "358": true, "359": true, "360": true, "361": true, "362": true, "363": true, "364": true, "365": true, "366": true, "367": true, "368": true, "369": true, "370": true, "371": true, "372": true, "373": true, "374": true, "375": true, "376": true, "377": true, "378": true, "379": true, "380": true, "381": true, "382": true, "383": true, "384": true, "385": true, "386": true, "387": true, "388": true, "389": true, "390": true, "391": true, "[": false, "\"": false, "1": false, "0": false, ",": false, "2": false, "3": false, "6": false, "7": false, "8": false, "9": false, "]": false, "4": false, "5": false}',36);
INSERT INTO stores_store VALUES(35,'snoislecoop','',44,'Sno-Isle Food Coop','mercantile@snoislefoods.coop',144,NULL,0,0,0,'{"101": false, "102": false, "103": false, "104": false, "105": false, "106": true, "107": true, "108": true, "109": true, "110": true, "111": true, "112": true, "113": true, "114": true, "115": true, "116": true, "117": true, "118": true, "119": true, "120": true, "121": true, "122": true, "123": true, "124": true, "125": true, "126": true, "127": true, "128": true, "129": true, "130": true, "131": true, "132": true, "133": true, "134": true, "135": true, "136": true, "137": true, "138": true, "139": true, "140": true, "141": true, "142": true, "143": true, "144": true, "145": true, "146": true, "147": true, "148": true, "149": true, "150": true, "151": true, "152": true, "153": true, "154": true, "155": true, "156": true, "157": true, "158": true, "159": true, "160": true, "161": true, "162": true, "163": true, "164": true, "165": true, "166": true, "167": true, "168": true, "169": true, "170": true, "171": true, "172": true, "173": true, "174": true, "175": true, "176": true, "177": true, "178": true, "179": true, "180": true, "181": true, "182": true, "183": true, "184": true, "185": true, "186": true, "187": true, "188": true, "189": true, "190": true, "191": true, "192": true, "193": true, "194": true, "195": true, "196": true, "197": true, "198": true, "199": true, "200": true, "201": true, "202": true, "203": true, "204": true, "205": true, "206": true, "207": true, "208": true, "209": true, "210": true, "211": true, "212": true, "213": true, "214": true, "215": true, "216": true, "217": true, "218": true, "219": true, "220": true, "221": true, "222": true, "223": true, "224": true, "225": true, "226": true, "227": true, "228": true, "229": true, "230": true, "231": true, "232": true, "233": true, "234": true, "235": true, "236": true, "237": true, "238": true, "239": true, "240": true, "241": true, "242": true, "243": true, "244": true, "245": true, "246": true, "247": true, "248": true, "249": true, "250": true, "251": true, "252": true, "253": true, "254": true, "255": true, "256": true, "257": true, "258": true, "259": true, "260": true, "261": true, "262": true, "263": true, "264": true, "265": true, "266": true, "267": true, "268": true, "269": true, "270": true, "271": true, "272": true, "273": true, "274": true, "275": true, "276": true, "277": true, "278": true, "279": true, "280": true, "281": true, "282": true, "283": true, "284": true, "285": true, "286": true, "287": true, "288": true, "289": true, "290": true, "291": true, "292": true, "293": true, "294": true, "295": true, "296": true, "297": true, "298": true, "299": true, "300": true, "301": true, "302": true, "303": true, "304": true, "305": true, "306": true, "307": true, "308": true, "309": true, "310": true, "311": true, "312": true, "313": true, "314": true, "315": true, "316": true, "317": true, "318": true, "319": true, "320": true, "321": true, "322": true, "323": true, "324": true, "325": true, "326": true, "327": true, "328": true, "329": true, "330": true, "331": true, "332": true, "333": true, "334": true, "335": true, "336": true, "337": true, "338": true, "339": true, "340": true, "341": true, "342": true, "343": true, "344": true, "345": true, "346": true, "347": true, "348": true, "349": true, "350": true, "351": true, "352": true, "353": true, "354": true, "355": true, "356": true, "357": true, "358": true, "359": true, "360": true, "361": true, "362": true, "363": true, "364": true, "365": true, "366": true, "367": true, "368": true, "369": true, "370": true, "371": true, "372": true, "373": true, "374": true, "375": true, "376": true, "377": true, "378": true, "379": true, "380": true, "381": true, "382": true, "383": true, "384": true, "385": true, "386": true, "387": true, "388": true, "389": true, "390": true, "391": true, "[": false, "\"": false, "1": false, "0": false, ",": false, "2": false, "3": false, "6": false, "7": false, "8": false, "9": false, "]": false, "4": false, "5": false}',37);
INSERT INTO stores_store VALUES(36,'sundance','',45,'Sundance Natural Foods','produce@sundancenaturalfoods.com',95,NULL,0,0,0,'{"101": false, "102": false, "103": false, "104": false, "105": false, "106": true, "107": true, "108": true, "109": true, "110": true, "111": true, "112": true, "113": true, "114": true, "115": true, "116": true, "117": true, "118": true, "119": true, "120": true, "121": true, "122": true, "123": true, "124": true, "125": true, "126": true, "127": true, "128": true, "129": true, "130": true, "131": true, "132": true, "133": true, "134": true, "135": true, "136": true, "137": true, "138": true, "139": true, "140": true, "141": true, "142": true, "143": true, "144": true, "145": true, "146": true, "147": true, "148": true, "149": true, "150": true, "151": true, "152": true, "153": true, "154": true, "155": true, "156": true, "157": true, "158": true, "159": true, "160": true, "161": true, "162": true, "163": true, "164": true, "165": true, "166": true, "167": true, "168": true, "169": true, "170": true, "171": true, "172": true, "173": true, "174": true, "175": true, "176": true, "177": true, "178": true, "179": true, "180": true, "181": true, "182": true, "183": true, "184": true, "185": true, "186": true, "187": true, "188": true, "189": true, "190": true, "191": true, "192": true, "193": true, "194": true, "195": true, "196": true, "197": true, "198": true, "199": true, "200": true, "201": true, "202": true, "203": true, "204": true, "205": true, "206": true, "207": true, "208": true, "209": true, "210": true, "211": true, "212": true, "213": true, "214": true, "215": true, "216": true, "217": true, "218": true, "219": true, "220": true, "221": true, "222": true, "223": true, "224": true, "225": true, "226": true, "227": true, "228": true, "229": true, "230": true, "231": true, "232": true, "233": true, "234": true, "235": true, "236": true, "237": true, "238": true, "239": true, "240": true, "241": true, "242": true, "243": true, "244": true, "245": true, "246": true, "247": true, "248": true, "249": true, "250": true, "251": true, "252": true, "253": true, "254": true, "255": true, "256": true, "257": true, "258": true, "259": true, "260": true, "261": true, "262": true, "263": true, "264": true, "265": true, "266": true, "267": true, "268": true, "269": true, "270": true, "271": true, "272": true, "273": true, "274": true, "275": true, "276": true, "277": true, "278": true, "279": true, "280": true, "281": true, "282": true, "283": true, "284": true, "285": true, "286": true, "287": true, "288": true, "289": true, "290": true, "291": true, "292": true, "293": true, "294": true, "295": true, "296": true, "297": true, "298": true, "299": true, "300": true, "301": true, "302": true, "303": true, "304": true, "305": true, "306": true, "307": true, "308": true, "309": true, "310": true, "311": true, "312": true, "313": true, "314": true, "315": true, "316": true, "317": true, "318": true, "319": true, "320": true, "321": true, "322": true, "323": true, "324": true, "325": true, "326": true, "327": true, "328": true, "329": true, "330": true, "331": true, "332": true, "333": true, "334": true, "335": true, "336": true, "337": true, "338": true, "339": true, "340": true, "341": true, "342": true, "343": true, "344": true, "345": true, "346": true, "347": true, "348": true, "349": true, "350": true, "351": true, "352": true, "353": true, "354": true, "355": true, "356": true, "357": true, "358": true, "359": true, "360": true, "361": true, "362": true, "363": true, "364": true, "365": true, "366": true, "367": true, "368": true, "369": true, "370": true, "371": true, "372": true, "373": true, "374": true, "375": true, "376": true, "377": true, "378": true, "379": true, "380": true, "381": true, "382": true, "383": true, "384": true, "385": true, "386": true, "387": true, "388": true, "389": true, "390": true, "391": true, "[": false, "\"": false, "1": false, "0": false, ",": false, "2": false, "3": false, "6": false, "7": false, "8": false, "9": false, "]": false, "4": false, "5": false}',38);
INSERT INTO stores_store VALUES(37,'walts','',46,'Walts Organic Fertilizer Co','sales@waltsorganic.com',36,NULL,0,0,0,'{"101": false, "102": false, "103": false, "104": false, "105": false, "106": true, "107": true, "108": true, "109": true, "110": true, "111": true, "112": true, "113": true, "114": true, "115": true, "116": true, "117": true, "118": true, "119": true, "120": true, "121": true, "122": true, "123": true, "124": true, "125": true, "126": true, "127": true, "128": true, "129": true, "130": true, "131": true, "132": true, "133": true, "134": true, "135": true, "136": true, "137": true, "138": true, "139": true, "140": true, "141": true, "142": true, "143": true, "144": true, "145": true, "146": true, "147": true, "148": true, "149": true, "150": true, "151": true, "152": true, "153": true, "154": true, "155": true, "156": true, "157": true, "158": true, "159": true, "160": true, "161": true, "162": true, "163": true, "164": true, "165": true, "166": true, "167": true, "168": true, "169": true, "170": true, "171": true, "172": true, "173": true, "174": true, "175": true, "176": true, "177": true, "178": true, "179": true, "180": true, "181": true, "182": true, "183": true, "184": true, "185": true, "186": true, "187": true, "188": true, "189": true, "190": true, "191": true, "192": true, "193": true, "194": true, "195": true, "196": true, "197": true, "198": true, "199": true, "200": true, "201": true, "202": true, "203": true, "204": true, "205": true, "206": true, "207": true, "208": true, "209": true, "210": true, "211": true, "212": true, "213": true, "214": true, "215": true, "216": true, "217": true, "218": true, "219": true, "220": true, "221": true, "222": true, "223": true, "224": true, "225": true, "226": true, "227": true, "228": true, "229": true, "230": true, "231": true, "232": true, "233": true, "234": true, "235": true, "236": true, "237": true, "238": true, "239": true, "240": true, "241": true, "242": true, "243": true, "244": true, "245": true, "246": true, "247": true, "248": true, "249": true, "250": true, "251": true, "252": true, "253": true, "254": true, "255": true, "256": true, "257": true, "258": true, "259": true, "260": true, "261": true, "262": true, "263": true, "264": true, "265": true, "266": true, "267": true, "268": true, "269": true, "270": true, "271": true, "272": true, "273": true, "274": true, "275": true, "276": true, "277": true, "278": true, "279": true, "280": true, "281": true, "282": true, "283": true, "284": true, "285": true, "286": true, "287": true, "288": true, "289": true, "290": true, "291": true, "292": true, "293": true, "294": true, "295": true, "296": true, "297": true, "298": true, "299": true, "300": true, "301": true, "302": true, "303": true, "304": true, "305": true, "306": true, "307": true, "308": true, "309": true, "310": true, "311": true, "312": true, "313": true, "314": true, "315": true, "316": true, "317": true, "318": true, "319": true, "320": true, "321": true, "322": true, "323": true, "324": true, "325": true, "326": true, "327": true, "328": true, "329": true, "330": true, "331": true, "332": true, "333": true, "334": true, "335": true, "336": true, "337": true, "338": true, "339": true, "340": true, "341": true, "342": true, "343": true, "344": true, "345": true, "346": true, "347": true, "348": true, "349": true, "350": true, "351": true, "352": true, "353": true, "354": true, "355": true, "356": true, "357": true, "358": true, "359": true, "360": true, "361": true, "362": true, "363": true, "364": true, "365": true, "366": true, "367": true, "368": true, "369": true, "370": true, "371": true, "372": true, "373": true, "374": true, "375": true, "376": true, "377": true, "378": true, "379": true, "380": true, "381": true, "382": true, "383": true, "384": true, "385": true, "386": true, "387": true, "388": true, "389": true, "390": true, "391": true, "[": false, "\"": false, "1": false, "0": false, ",": false, "2": false, "3": false, "6": false, "7": false, "8": false, "9": false, "]": false, "4": false, "5": false}',39);
INSERT INTO stores_store VALUES(38,'alberta','',10,'Alberta Food Coop','gillian@albertagrocery.coop',53,NULL,10,0,520,'{"101": false, "102": false, "103": false, "104": false, "105": false, "106": true, "107": true, "108": false, "109": true, "110": true, "111": false, "112": true, "113": true, "114": true, "115": true, "116": true, "117": true, "118": true, "119": true, "120": true, "121": true, "122": true, "123": true, "124": true, "125": true, "126": true, "127": true, "128": true, "129": false, "130": true, "131": true, "132": true, "133": true, "134": true, "135": true, "136": true, "137": true, "138": true, "139": true, "140": true, "141": true, "142": true, "143": true, "144": true, "145": true, "146": true, "147": true, "148": true, "149": true, "150": true, "151": true, "152": true, "153": true, "154": true, "155": true, "156": true, "157": true, "158": true, "159": true, "160": true, "161": true, "162": true, "163": true, "164": true, "165": true, "166": true, "167": true, "168": true, "169": true, "170": true, "171": true, "172": true, "173": true, "174": true, "175": true, "176": true, "177": true, "178": true, "179": true, "180": true, "181": true, "182": true, "183": true, "184": true, "185": true, "186": true, "187": true, "188": true, "189": true, "190": true, "191": true, "192": true, "193": true, "194": true, "195": true, "196": true, "197": true, "198": true, "199": true, "200": true, "201": true, "202": true, "203": true, "204": true, "205": true, "206": true, "207": true, "208": true, "209": true, "210": true, "211": true, "212": true, "213": true, "214": true, "215": true, "216": true, "217": true, "218": true, "219": true, "220": true, "221": true, "222": true, "223": true, "224": true, "225": true, "226": true, "227": true, "228": true, "229": true, "230": true, "231": true, "232": true, "233": true, "234": true, "235": true, "236": true, "237": true, "238": true, "239": true, "240": true, "241": true, "242": true, "243": true, "244": true, "245": true, "246": true, "247": true, "248": true, "249": true, "250": true, "251": true, "252": true, "253": true, "254": true, "255": true, "256": true, "257": true, "258": true, "259": true, "260": true, "261": true, "262": true, "263": true, "264": true, "265": true, "266": true, "267": true, "268": true, "269": true, "270": true, "271": true, "272": true, "273": true, "274": true, "275": true, "276": true, "277": true, "278": true, "279": true, "280": true, "281": true, "282": true, "283": true, "284": true, "285": true, "286": true, "287": true, "288": true, "289": true, "290": true, "291": true, "292": true, "293": true, "294": true, "295": true, "296": true, "297": true, "298": true, "299": true, "300": true, "301": true, "302": true, "303": true, "304": true, "305": true, "306": true, "307": true, "308": true, "309": true, "310": true, "311": true, "312": true, "313": true, "314": true, "315": true, "316": true, "317": true, "318": true, "319": true, "320": true, "321": true, "322": true, "323": true, "324": true, "325": true, "326": true, "327": true, "328": true, "329": true, "330": true, "331": true, "332": true, "333": true, "334": true, "335": true, "336": true, "337": true, "338": true, "339": true, "340": true, "341": true, "342": true, "343": true, "344": true, "345": true, "346": true, "347": true, "348": true, "349": true, "350": true, "351": true, "352": true, "353": true, "354": true, "355": true, "356": true, "357": true, "358": true, "359": true, "360": true, "361": true, "362": true, "363": true, "364": true, "365": true, "366": true, "367": true, "368": true, "369": true, "370": true, "371": true, "372": true, "373": true, "374": true, "375": true, "376": true, "377": true, "378": true, "379": true, "380": true, "381": true, "382": true, "383": true, "384": true, "385": true, "386": true, "387": true, "388": true, "389": true, "390": true, "391": true, "[": false, "\"": false, "1": false, "0": false, ",": false, "2": false, "3": false, "6": false, "7": false, "8": false, "9": false, "]": false, "4": false, "5": false}',40);
DELETE FROM sqlite_sequence;
INSERT INTO sqlite_sequence VALUES('django_migrations',37);
INSERT INTO sqlite_sequence VALUES('django_admin_log',0);
INSERT INTO sqlite_sequence VALUES('django_content_type',9);
INSERT INTO sqlite_sequence VALUES('auth_permission',36);
INSERT INTO sqlite_sequence VALUES('auth_group',0);
INSERT INTO sqlite_sequence VALUES('auth_user',40);
INSERT INTO sqlite_sequence VALUES('products_product',291);
INSERT INTO sqlite_sequence VALUES('orders_order',120);
INSERT INTO sqlite_sequence VALUES('stores_store',38);
CREATE UNIQUE INDEX "auth_group_permissions_group_id_permission_id_0cd325b0_uniq" ON "auth_group_permissions" ("group_id", "permission_id");
CREATE INDEX "auth_group_permissions_group_id_b120cbf9" ON "auth_group_permissions" ("group_id");
CREATE INDEX "auth_group_permissions_permission_id_84c5c92e" ON "auth_group_permissions" ("permission_id");
CREATE UNIQUE INDEX "auth_user_groups_user_id_group_id_94350c0c_uniq" ON "auth_user_groups" ("user_id", "group_id");
CREATE INDEX "auth_user_groups_user_id_6a12ed8b" ON "auth_user_groups" ("user_id");
CREATE INDEX "auth_user_groups_group_id_97559544" ON "auth_user_groups" ("group_id");
CREATE UNIQUE INDEX "auth_user_user_permissions_user_id_permission_id_14a6b632_uniq" ON "auth_user_user_permissions" ("user_id", "permission_id");
CREATE INDEX "auth_user_user_permissions_user_id_a95ead1b" ON "auth_user_user_permissions" ("user_id");
CREATE INDEX "auth_user_user_permissions_permission_id_1fbb5f2c" ON "auth_user_user_permissions" ("permission_id");
CREATE INDEX "django_admin_log_content_type_id_c4bce8eb" ON "django_admin_log" ("content_type_id");
CREATE INDEX "django_admin_log_user_id_c564eba6" ON "django_admin_log" ("user_id");
CREATE UNIQUE INDEX "django_content_type_app_label_model_76bd3d3b_uniq" ON "django_content_type" ("app_label", "model");
CREATE UNIQUE INDEX "auth_permission_content_type_id_codename_01ab375a_uniq" ON "auth_permission" ("content_type_id", "codename");
CREATE INDEX "auth_permission_content_type_id_2f476e4b" ON "auth_permission" ("content_type_id");
CREATE INDEX "django_session_expire_date_a5c62663" ON "django_session" ("expire_date");
CREATE INDEX "orders_order_store_id_138e1a80" ON "orders_order" ("store_id");
COMMIT;
