101,
102,
103,
104,
105,
106,
107,
108,
109,
110,
111,
112,
113,
114,
115,
116,
117,
118,
119,
120,
121,
388,
122,
123,
124,
125,B
126,B
127,B
128,
129,B
130,
131,B
132,
133,B
134,B
385,B
135,
136,B
137,B
138,
139,
140,
141,
392,
142,
143,
144,
145,B
146,
147,B
148,
149,
150,
151,B
152,
153,
154,
155,
156,
157,
158,B
159,B
160,
161,
162,
163,B
164,
165,B
166,
378,
167,B
168,
169,B
170,
383,NR
171,
172,
173,
174,
391,
175,B
176,
178,B
179,B
180,
177,
181,
182,
389,
183,B
184,B
185,B
186,B
187,
188,
189,
190,
191,
401,
192,B
193,B
194,
400,
405,
195,
196,B
197,
198,B
199,
402,
403,
404,
200,B
201,B
202,
203,
390,
204,
205,
206,
207,B
208,B
375,
209,B
210,B
211,
393,
212,
213,
214,
215,
216,B
217,
376,
218,
219,
220,
221,
222,
223,B
224,B
225,B
226,B
227,
228,B
229,B
230,
231,
232,
377,
233,
234,
235,
236,
394,
406,
237,
238,
239,B
240,B
241,
242,B
243,B
244,
245,B
246,B
247,B
248,
249,
250,
251,B
252,
253,B
379,
254,
255,B
256,
257,
258,B
407,
408,
259,
260,
261,
262,
263,B
264,
265,
266,
283,
267,B
382,
268,B
269,B
303,B
270,
321,
271,
272,B
273,
274,
275,B
276,
278,
279,
280,
281,
282,
284,B
285,
380,
286,B
287,B
288,
289,B
397,
291,B
290,
292,
293,
294,
295,
296,
297,
298,
299,B
300,
301,
302,
381,
386,
304,B
305,
306,
307,
308,B
309,
310,
311,
312,
313,
314,
315,
316,B
317,
318,
319,
320,
322,
323,
324,
325,B
326,
327,
328,
329,
330,
331,
332,
333,
334,B
335,
336,B
337,
338,
339,
340,
341,B
342,B
343,B
344,
345,
346,
347,
348,
349,
350,
351,
352,
353,
354,
355,
356,
357,
358,
359,
360,
398,
399,
361,B
362,
363,
364,
365,
366,B
367,L
384,
387,
368,
369,
395,
396,
370,B
371,
372,
373,
374,
409,NR
410,NR
411,NR
412,NR
413,NR
414,NR
415,NR
416,NR
417,NR
418,NR
